sample_id,target_q1_rad,target_q2_rad,target_q3_rad,target_q4_rad,target_q5_rad,target_q6_rad,preview_valid
0,0,0.5235987756,0.5235987756,-0.7853981634,-0.3490658504,-1.047197551,1
1,0,0.5235987756,0.5235987756,-0.7853981634,0,-1.047197551,1
2,0,0.5235987756,0.5235987756,-0.7853981634,0.3490658504,-1.047197551,1
3,0,0.5235987756,0.5235987756,-0.2617993878,0,-1.047197551,1
4,0,0.5235987756,0.5235987756,0,0,-1.047197551,1
5,0,0.5235987756,0.5235987756,0.2617993878,0,-1.047197551,1
6,0,0.5235987756,0.5235987756,0,-0.3490658504,-1.047197551,1
7,0,0.5235987756,0.5235987756,-0.2617993878,-0.3490658504,-1.047197551,1
8,0,0.5235987756,0.5235987756,0.2617993878,-0.3490658504,-1.047197551,1
9,0,0.5235987756,0.5235987756,0.7853981634,-0.3490658504,-1.047197551,1
10,0,0.5235987756,0.5235987756,0.7853981634,0,-1.047197551,1
11,0,0.5235987756,0.5235987756,0.7853981634,0.3490658504,-1.047197551,1
12,0,0.5235987756,0.5235987756,0.2617993878,0.3490658504,-1.047197551,1
13,0,0.5235987756,0.5235987756,0,0.3490658504,-1.047197551,1
14,0,0.5235987756,0.5235987756,-0.2617993878,0.3490658504,-1.047197551,1
15,0,0.5235987756,0.5235987756,-0.7853981634,0,-0.3490658504,1
16,0,0.5235987756,0.5235987756,-0.7853981634,-0.3490658504,-0.3490658504,1
17,0,0.5235987756,0.5235987756,-0.7853981634,-0.3490658504,0,1
18,0,0.5235987756,0.5235987756,-0.7853981634,-0.3490658504,0.3490658504,1
19,0,0.5235987756,0.5235987756,-0.7853981634,0,0,1
20,0,0.5235987756,0.5235987756,-0.7853981634,0,0.3490658504,1
21,0,0.5235987756,0.5235987756,-0.7853981634,0.3490658504,0,1
22,0,0.5235987756,0.5235987756,-0.7853981634,0.3490658504,-0.3490658504,1
23,0,0.5235987756,0.5235987756,-0.2617993878,0,-0.3490658504,1
24,0,0.5235987756,0.5235987756,0,0,-0.3490658504,1
25,0,0.5235987756,0.5235987756,0.2617993878,0,-0.3490658504,1
26,0,0.5235987756,0.5235987756,0,-0.3490658504,-0.3490658504,1
27,0,0.5235987756,0.5235987756,-0.2617993878,-0.3490658504,-0.3490658504,1
28,0,0.5235987756,0.5235987756,-0.2617993878,-0.3490658504,0,1
29,0,0.5235987756,0.5235987756,0,-0.3490658504,0,1
30,0,0.5235987756,0.5235987756,0.2617993878,-0.3490658504,0,1
31,0,0.5235987756,0.5235987756,0,-0.3490658504,0.3490658504,1
32,0,0.5235987756,0.5235987756,-0.2617993878,-0.3490658504,0.3490658504,1
33,0,0.5235987756,0.5235987756,-0.2617993878,0,0,1
34,0,0.5235987756,0.5235987756,0,0,0,1
35,0,0.5235987756,0.5235987756,0.2617993878,0,0,1
36,0,0.5235987756,0.5235987756,0,0,0.3490658504,1
37,0,0.5235987756,0.5235987756,-0.2617993878,0,0.3490658504,1
38,0,0.5235987756,0.5235987756,-0.2617993878,0.3490658504,0,1
39,0,0.5235987756,0.5235987756,0,0.3490658504,0,1
40,0,0.5235987756,0.5235987756,0.2617993878,0.3490658504,0,1
41,0,0.5235987756,0.5235987756,0,0.3490658504,-0.3490658504,1
42,0,0.5235987756,0.5235987756,-0.2617993878,0.3490658504,-0.3490658504,1
43,0,0.5235987756,0.5235987756,0.2617993878,0.3490658504,-0.3490658504,1
44,0,0.5235987756,0.5235987756,0.7853981634,0,-0.3490658504,1
45,0,0.5235987756,0.5235987756,0.7853981634,-0.3490658504,-0.3490658504,1
46,0,0.5235987756,0.5235987756,0.7853981634,-0.3490658504,0,1
47,0,0.5235987756,0.5235987756,0.7853981634,-0.3490658504,0.3490658504,1
48,0,0.5235987756,0.5235987756,0.7853981634,0,0,1
49,0,0.5235987756,0.5235987756,0.7853981634,0,0.3490658504,1
50,0,0.5235987756,0.5235987756,0.7853981634,0.3490658504,0,1
51,0,0.5235987756,0.5235987756,0.7853981634,0.3490658504,-0.3490658504,1
52,0,0.5235987756,0.5235987756,0.2617993878,-0.3490658504,-0.3490658504,1
53,0,0.5235987756,0.5235987756,-0.2617993878,0.3490658504,0.3490658504,1
54,0,0.5235987756,0.5235987756,0,0.3490658504,0.3490658504,1
55,0,0.5235987756,0.5235987756,0.2617993878,0.3490658504,0.3490658504,1
56,0,0.5235987756,0.5235987756,0.2617993878,0,0.3490658504,1
57,0,0.5235987756,0.5235987756,0.2617993878,-0.3490658504,0.3490658504,1
58,0,0.5235987756,0.5235987756,-0.2617993878,-0.3490658504,1.047197551,1
59,0,0.5235987756,0.5235987756,0,-0.3490658504,1.047197551,1
60,0,0.5235987756,0.5235987756,0.2617993878,-0.3490658504,1.047197551,1
61,0,0.5235987756,0.5235987756,0,0,1.047197551,1
62,0,0.5235987756,0.5235987756,-0.2617993878,0,1.047197551,1
63,0,0.5235987756,0.5235987756,-0.2617993878,0.3490658504,1.047197551,1
64,0,0.5235987756,0.5235987756,0,0.3490658504,1.047197551,1
65,0,0.5235987756,0.5235987756,0.2617993878,0.3490658504,1.047197551,1
66,0,0.5235987756,0.5235987756,0.2617993878,0,1.047197551,1
67,0,0.5235987756,0.5235987756,0.7853981634,-0.3490658504,1.047197551,1
68,0,0.5235987756,0.5235987756,0.7853981634,0,1.047197551,1
69,0,0.5235987756,0.5235987756,0.7853981634,0.3490658504,1.047197551,1
70,0,0.5235987756,0.5235987756,0.7853981634,0.3490658504,0.3490658504,1
71,0,0.5235987756,1.221730476,0.2617993878,-0.3490658504,-0.3490658504,1
72,0,0.5235987756,1.221730476,0,-0.3490658504,-0.3490658504,1
73,0,0.5235987756,1.221730476,-0.2617993878,-0.3490658504,-0.3490658504,1
74,0,0.5235987756,1.221730476,-0.2617993878,-0.3490658504,0,1
75,0,0.5235987756,1.221730476,0,-0.3490658504,0,1
76,0,0.5235987756,1.221730476,0.2617993878,-0.3490658504,0,1
77,0,0.5235987756,1.221730476,0,-0.3490658504,0.3490658504,1
78,0,0.5235987756,1.221730476,-0.2617993878,-0.3490658504,0.3490658504,1
79,0,0.5235987756,1.221730476,-0.2617993878,0,0,1
80,0,0.5235987756,1.221730476,0,0,0,1
81,0,0.5235987756,1.221730476,0.2617993878,0,0,1
82,0,0.5235987756,1.221730476,0,0,-0.3490658504,1
83,0,0.5235987756,1.221730476,-0.2617993878,0,-0.3490658504,1
84,0,0.5235987756,1.221730476,-0.2617993878,0.3490658504,-0.3490658504,1
85,0,0.5235987756,1.221730476,0,0.3490658504,-0.3490658504,1
86,0,0.5235987756,1.221730476,0.2617993878,0.3490658504,-0.3490658504,1
87,0,0.5235987756,1.221730476,0,0.3490658504,0,1
88,0,0.5235987756,1.221730476,-0.2617993878,0.3490658504,0,1
89,0,0.5235987756,1.221730476,-0.2617993878,0,0.3490658504,1
90,0,0.5235987756,1.221730476,0,0,0.3490658504,1
91,0,0.5235987756,1.221730476,0.2617993878,0,0.3490658504,1
92,0,0.5235987756,1.221730476,0,0.3490658504,0.3490658504,1
93,0,0.5235987756,1.221730476,-0.2617993878,0.3490658504,0.3490658504,1
94,0,0.5235987756,1.221730476,0.2617993878,0.3490658504,0,1
95,0,0.5235987756,1.221730476,0.2617993878,0,-0.3490658504,1
96,0,0.5235987756,1.221730476,0.7853981634,-0.3490658504,-0.3490658504,1
97,0,0.5235987756,1.221730476,0.7853981634,-0.3490658504,0,1
98,0,0.5235987756,1.221730476,0.7853981634,-0.3490658504,0.3490658504,1
99,0,0.5235987756,1.221730476,0.7853981634,0,0,1
100,0,0.5235987756,1.221730476,0.7853981634,0,-0.3490658504,1
101,0,0.5235987756,1.221730476,0.7853981634,0.3490658504,-0.3490658504,1
102,0,0.5235987756,1.221730476,0.7853981634,0.3490658504,0,1
103,0,0.5235987756,1.221730476,0.7853981634,0,0.3490658504,1
104,0,0.5235987756,1.221730476,0.7853981634,0.3490658504,0.3490658504,1
105,0,0.5235987756,1.221730476,0.2617993878,0.3490658504,0.3490658504,1
106,0,0.5235987756,1.221730476,-0.2617993878,0,1.047197551,1
107,0,0.5235987756,1.221730476,0,0,1.047197551,1
108,0,0.5235987756,1.221730476,0.2617993878,0,1.047197551,1
109,0,0.5235987756,1.221730476,0,-0.3490658504,1.047197551,1
110,0,0.5235987756,1.221730476,-0.2617993878,-0.3490658504,1.047197551,1
111,0,0.5235987756,1.221730476,0.2617993878,-0.3490658504,1.047197551,1
112,0,0.5235987756,1.221730476,0.7853981634,-0.3490658504,1.047197551,1
113,0,0.5235987756,1.221730476,0.7853981634,0,1.047197551,1
114,0,0.5235987756,1.221730476,0.7853981634,0.3490658504,1.047197551,1
115,0,0.5235987756,1.221730476,0.2617993878,0.3490658504,1.047197551,1
116,0,0.5235987756,1.221730476,0,0.3490658504,1.047197551,1
117,0,0.5235987756,1.221730476,-0.2617993878,0.3490658504,1.047197551,1
118,0,0.5235987756,1.221730476,-0.7853981634,0,1.047197551,1
119,0,0.5235987756,1.221730476,-0.7853981634,-0.3490658504,1.047197551,1
120,0,0.5235987756,1.221730476,-0.7853981634,-0.3490658504,0.3490658504,1
121,0,0.5235987756,1.221730476,-0.7853981634,-0.3490658504,0,1
122,0,0.5235987756,1.221730476,-0.7853981634,-0.3490658504,-0.3490658504,1
123,0,0.5235987756,1.221730476,-0.7853981634,0,-0.3490658504,1
124,0,0.5235987756,1.221730476,-0.7853981634,0,0,1
125,0,0.5235987756,1.221730476,-0.7853981634,0,0.3490658504,1
126,0,0.5235987756,1.221730476,-0.7853981634,0.3490658504,0,1
127,0,0.5235987756,1.221730476,-0.7853981634,0.3490658504,-0.3490658504,1
128,0,0.5235987756,1.221730476,-0.7853981634,0,-1.047197551,1
129,0,0.5235987756,1.221730476,-0.7853981634,-0.3490658504,-1.047197551,1
130,0,0.5235987756,1.221730476,-0.2617993878,-0.3490658504,-1.047197551,1
131,0,0.5235987756,1.221730476,0,-0.3490658504,-1.047197551,1
132,0,0.5235987756,1.221730476,0.2617993878,-0.3490658504,-1.047197551,1
133,0,0.5235987756,1.221730476,0,0,-1.047197551,1
134,0,0.5235987756,1.221730476,-0.2617993878,0,-1.047197551,1
135,0,0.5235987756,1.221730476,-0.2617993878,0.3490658504,-1.047197551,1
136,0,0.5235987756,1.221730476,0,0.3490658504,-1.047197551,1
137,0,0.5235987756,1.221730476,0.2617993878,0.3490658504,-1.047197551,1
138,0,0.5235987756,1.221730476,0.2617993878,0,-1.047197551,1
139,0,0.5235987756,1.221730476,0.7853981634,-0.3490658504,-1.047197551,1
140,0,0.5235987756,1.221730476,0.7853981634,0,-1.047197551,1
141,0,0.5235987756,1.221730476,0.7853981634,0.3490658504,-1.047197551,1
142,0,1.221730476,0.5235987756,0.2617993878,-0.3490658504,-1.047197551,1
143,0,1.221730476,0.5235987756,0,-0.3490658504,-1.047197551,1
144,0,1.221730476,0.5235987756,-0.2617993878,-0.3490658504,-1.047197551,1
145,0,1.221730476,0.5235987756,-0.2617993878,0,-1.047197551,1
146,0,1.221730476,0.5235987756,0,0,-1.047197551,1
147,0,1.221730476,0.5235987756,0.2617993878,0,-1.047197551,1
148,0,1.221730476,0.5235987756,0,0.3490658504,-1.047197551,1
149,0,1.221730476,0.5235987756,-0.2617993878,0.3490658504,-1.047197551,1
150,0,1.221730476,0.5235987756,0.2617993878,0.3490658504,-1.047197551,1
151,0,1.221730476,0.5235987756,0.7853981634,0,-1.047197551,1
152,0,1.221730476,0.5235987756,0.7853981634,-0.3490658504,-1.047197551,1
153,0,1.221730476,0.5235987756,0.2617993878,-0.3490658504,-0.3490658504,1
154,0,1.221730476,0.5235987756,0,-0.3490658504,-0.3490658504,1
155,0,1.221730476,0.5235987756,-0.2617993878,-0.3490658504,-0.3490658504,1
156,0,1.221730476,0.5235987756,-0.2617993878,-0.3490658504,0,1
157,0,1.221730476,0.5235987756,0,-0.3490658504,0,1
158,0,1.221730476,0.5235987756,0.2617993878,-0.3490658504,0,1
159,0,1.221730476,0.5235987756,0,-0.3490658504,0.3490658504,1
160,0,1.221730476,0.5235987756,-0.2617993878,-0.3490658504,0.3490658504,1
161,0,1.221730476,0.5235987756,-0.2617993878,0,0,1
162,0,1.221730476,0.5235987756,0,0,0,1
163,0,1.221730476,0.5235987756,0.2617993878,0,0,1
164,0,1.221730476,0.5235987756,0,0,-0.3490658504,1
165,0,1.221730476,0.5235987756,-0.2617993878,0,-0.3490658504,1
166,0,1.221730476,0.5235987756,-0.2617993878,0.3490658504,-0.3490658504,1
167,0,1.221730476,0.5235987756,0,0.3490658504,-0.3490658504,1
168,0,1.221730476,0.5235987756,0.2617993878,0.3490658504,-0.3490658504,1
169,0,1.221730476,0.5235987756,0,0.3490658504,0,1
170,0,1.221730476,0.5235987756,-0.2617993878,0.3490658504,0,1
171,0,1.221730476,0.5235987756,-0.2617993878,0,0.3490658504,1
172,0,1.221730476,0.5235987756,0,0,0.3490658504,1
173,0,1.221730476,0.5235987756,0.2617993878,0,0.3490658504,1
174,0,1.221730476,0.5235987756,0,0.3490658504,0.3490658504,1
175,0,1.221730476,0.5235987756,-0.2617993878,0.3490658504,0.3490658504,1
176,0,1.221730476,0.5235987756,0.2617993878,0.3490658504,0,1
177,0,1.221730476,0.5235987756,0.2617993878,0,-0.3490658504,1
178,0,1.221730476,0.5235987756,0.7853981634,-0.3490658504,-0.3490658504,1
179,0,1.221730476,0.5235987756,0.7853981634,-0.3490658504,0,1
180,0,1.221730476,0.5235987756,0.7853981634,-0.3490658504,0.3490658504,1
181,0,1.221730476,0.5235987756,0.7853981634,0,0,1
182,0,1.221730476,0.5235987756,0.7853981634,0,-0.3490658504,1
183,0,1.221730476,0.5235987756,0.7853981634,0.3490658504,-0.3490658504,1
184,0,1.221730476,0.5235987756,0.7853981634,0.3490658504,0,1
185,0,1.221730476,0.5235987756,0.7853981634,0,0.3490658504,1
186,0,1.221730476,0.5235987756,0.7853981634,0.3490658504,0.3490658504,1
187,0,1.221730476,0.5235987756,0.2617993878,0.3490658504,0.3490658504,1
188,0,1.221730476,0.5235987756,-0.2617993878,0,1.047197551,1
189,0,1.221730476,0.5235987756,0,0,1.047197551,1
190,0,1.221730476,0.5235987756,0.2617993878,0,1.047197551,1
191,0,1.221730476,0.5235987756,0,-0.3490658504,1.047197551,1
192,0,1.221730476,0.5235987756,-0.2617993878,-0.3490658504,1.047197551,1
193,0,1.221730476,0.5235987756,0.2617993878,-0.3490658504,1.047197551,1
194,0,1.221730476,0.5235987756,0.7853981634,-0.3490658504,1.047197551,1
195,0,1.221730476,0.5235987756,0.7853981634,0,1.047197551,1
196,0,1.221730476,0.5235987756,0.7853981634,0.3490658504,1.047197551,1
197,0,1.221730476,0.5235987756,0.2617993878,0.3490658504,1.047197551,1
198,0,1.221730476,0.5235987756,0,0.3490658504,1.047197551,1
199,0,1.221730476,0.5235987756,-0.2617993878,0.3490658504,1.047197551,1
200,0,1.221730476,0.5235987756,-0.7853981634,0,1.047197551,1
201,0,1.221730476,0.5235987756,-0.7853981634,-0.3490658504,1.047197551,1
202,0,1.221730476,0.5235987756,-0.7853981634,-0.3490658504,0.3490658504,1
203,0,1.221730476,0.5235987756,-0.7853981634,-0.3490658504,0,1
204,0,1.221730476,0.5235987756,-0.7853981634,-0.3490658504,-0.3490658504,1
205,0,1.221730476,0.5235987756,-0.7853981634,0,-0.3490658504,1
206,0,1.221730476,0.5235987756,-0.7853981634,0,0,1
207,0,1.221730476,0.5235987756,-0.7853981634,0,0.3490658504,1
208,0,1.221730476,0.5235987756,-0.7853981634,0.3490658504,0,1
209,0,1.221730476,0.5235987756,-0.7853981634,0.3490658504,-0.3490658504,1
210,0,1.221730476,0.5235987756,-0.7853981634,0,-1.047197551,1
211,0,1.221730476,0.5235987756,-0.7853981634,-0.3490658504,-1.047197551,1
212,0,0.5235987756,1.221730476,-0.7853981634,0.3490658504,-1.047197551,1
213,0,1.221730476,0.5235987756,-0.7853981634,0.3490658504,-1.047197551,1
214,0,1.221730476,1.221730476,-0.7853981634,-0.3490658504,-1.047197551,1
215,0,1.221730476,1.221730476,-0.7853981634,0,-1.047197551,1
216,0,1.221730476,1.221730476,-0.7853981634,0.3490658504,-1.047197551,1
217,0,1.221730476,1.221730476,-0.2617993878,0,-1.047197551,1
218,0,1.221730476,1.221730476,0,0,-1.047197551,1
219,0,1.221730476,1.221730476,0.2617993878,0,-1.047197551,1
220,0,1.221730476,1.221730476,0,-0.3490658504,-1.047197551,1
221,0,1.221730476,1.221730476,-0.2617993878,-0.3490658504,-1.047197551,1
222,0,1.221730476,1.221730476,0.2617993878,-0.3490658504,-1.047197551,1
223,0,1.221730476,1.221730476,0.7853981634,-0.3490658504,-1.047197551,1
224,0,1.221730476,1.221730476,0.7853981634,0,-1.047197551,1
225,0,1.221730476,1.221730476,0.7853981634,0.3490658504,-1.047197551,1
226,0,1.221730476,1.221730476,0.2617993878,0.3490658504,-1.047197551,1
227,0,1.221730476,1.221730476,0,0.3490658504,-1.047197551,1
228,0,1.221730476,1.221730476,-0.2617993878,0.3490658504,-1.047197551,1
229,0,1.221730476,1.221730476,-0.7853981634,0,-0.3490658504,1
230,0,1.221730476,1.221730476,-0.7853981634,-0.3490658504,-0.3490658504,1
231,0,1.221730476,1.221730476,-0.7853981634,-0.3490658504,0,1
232,0,1.221730476,1.221730476,-0.7853981634,-0.3490658504,0.3490658504,1
233,0,1.221730476,1.221730476,-0.7853981634,0,0,1
234,0,1.221730476,1.221730476,-0.7853981634,0,0.3490658504,1
235,0,1.221730476,1.221730476,-0.7853981634,0.3490658504,0,1
236,0,1.221730476,1.221730476,-0.7853981634,0.3490658504,-0.3490658504,1
237,0,1.221730476,1.221730476,-0.2617993878,0,-0.3490658504,1
238,0,1.221730476,1.221730476,0,0,-0.3490658504,1
239,0,1.221730476,1.221730476,0.2617993878,0,-0.3490658504,1
240,0,1.221730476,1.221730476,0,-0.3490658504,-0.3490658504,1
241,0,1.221730476,1.221730476,-0.2617993878,-0.3490658504,-0.3490658504,1
242,0,1.221730476,1.221730476,-0.2617993878,-0.3490658504,0,1
243,0,1.221730476,1.221730476,0,-0.3490658504,0,1
244,0,1.221730476,1.221730476,0.2617993878,-0.3490658504,0,1
245,0,1.221730476,1.221730476,0,-0.3490658504,0.3490658504,1
246,0,1.221730476,1.221730476,-0.2617993878,-0.3490658504,0.3490658504,1
247,0,1.221730476,1.221730476,-0.2617993878,0,0,1
248,0,1.221730476,1.221730476,0,0,0,1
249,0,1.221730476,1.221730476,0.2617993878,0,0,1
250,0,1.221730476,1.221730476,0,0,0.3490658504,1
251,0,1.221730476,1.221730476,-0.2617993878,0,0.3490658504,1
252,0,1.221730476,1.221730476,-0.2617993878,0.3490658504,0,1
253,0,1.221730476,1.221730476,0,0.3490658504,0,1
254,0,1.221730476,1.221730476,0.2617993878,0.3490658504,0,1
255,0,1.221730476,1.221730476,0,0.3490658504,-0.3490658504,1
256,0,1.221730476,1.221730476,-0.2617993878,0.3490658504,-0.3490658504,1
257,0,1.221730476,1.221730476,0.2617993878,0.3490658504,-0.3490658504,1
258,0,1.221730476,1.221730476,0.7853981634,0,-0.3490658504,1
259,0,1.221730476,1.221730476,0.7853981634,-0.3490658504,-0.3490658504,1
260,0,1.221730476,1.221730476,0.7853981634,-0.3490658504,0,1
261,0,1.221730476,1.221730476,0.7853981634,-0.3490658504,0.3490658504,1
262,0,1.221730476,1.221730476,0.7853981634,0,0,1
263,0,1.221730476,1.221730476,0.7853981634,0,0.3490658504,1
264,0,1.221730476,1.221730476,0.7853981634,0.3490658504,0,1
265,0,1.221730476,1.221730476,0.7853981634,0.3490658504,-0.3490658504,1
266,0,0.5235987756,1.221730476,0.2617993878,-0.3490658504,0.3490658504,1
267,0,1.221730476,0.5235987756,0.2617993878,-0.3490658504,0.3490658504,1
268,0,1.221730476,1.221730476,-0.2617993878,-0.3490658504,1.047197551,1
269,0,1.221730476,1.221730476,0,-0.3490658504,1.047197551,1
270,0,1.221730476,1.221730476,0.2617993878,-0.3490658504,1.047197551,1
271,0,1.221730476,1.221730476,0,0,1.047197551,1
272,0,1.221730476,1.221730476,-0.2617993878,0,1.047197551,1
273,0,1.221730476,1.221730476,-0.2617993878,0.3490658504,1.047197551,1
274,0,1.221730476,1.221730476,0,0.3490658504,1.047197551,1
275,0,1.221730476,1.221730476,0.2617993878,0.3490658504,1.047197551,1
276,0,1.221730476,1.221730476,0.2617993878,0,1.047197551,1
277,0,1.221730476,1.221730476,0.7853981634,-0.3490658504,1.047197551,1
278,0,1.221730476,1.221730476,0.7853981634,0,1.047197551,1
279,0,1.221730476,1.221730476,0.7853981634,0.3490658504,1.047197551,1
280,0,1.221730476,1.221730476,0.2617993878,0,0.3490658504,1
281,0,1.221730476,1.221730476,0,0.3490658504,0.3490658504,1
282,0,1.221730476,1.221730476,-0.2617993878,0.3490658504,0.3490658504,1
283,0,1.221730476,1.221730476,0.2617993878,0.3490658504,0.3490658504,1
284,0,1.221730476,1.221730476,0.7853981634,0.3490658504,0.3490658504,1
285,0,1.221730476,1.221730476,0.2617993878,-0.3490658504,-0.3490658504,1
286,0,1.221730476,0.5235987756,0.7853981634,0.3490658504,-1.047197551,1
287,0,1.919862177,0.5235987756,0.2617993878,-0.3490658504,-1.047197551,1
288,0,1.919862177,0.5235987756,0,-0.3490658504,-1.047197551,1
289,0,1.919862177,0.5235987756,-0.2617993878,-0.3490658504,-1.047197551,1
290,0,1.919862177,0.5235987756,-0.2617993878,0,-1.047197551,1
291,0,1.919862177,0.5235987756,0,0,-1.047197551,1
292,0,1.919862177,0.5235987756,0.2617993878,0,-1.047197551,1
293,0,1.919862177,0.5235987756,0,0.3490658504,-1.047197551,1
294,0,1.919862177,0.5235987756,-0.2617993878,0.3490658504,-1.047197551,1
295,0,1.919862177,0.5235987756,0.2617993878,0.3490658504,-1.047197551,1
296,0,1.919862177,0.5235987756,-0.2617993878,0,-0.3490658504,1
297,0,1.919862177,0.5235987756,0,0,-0.3490658504,1
298,0,1.919862177,0.5235987756,0.2617993878,0,-0.3490658504,1
299,0,1.919862177,0.5235987756,0,-0.3490658504,-0.3490658504,1
300,0,1.919862177,0.5235987756,-0.2617993878,-0.3490658504,-0.3490658504,1
301,0,1.919862177,0.5235987756,-0.2617993878,-0.3490658504,0,1
302,0,1.919862177,0.5235987756,0,-0.3490658504,0,1
303,0,1.919862177,0.5235987756,0.2617993878,-0.3490658504,0,1
304,0,1.919862177,0.5235987756,0,-0.3490658504,0.3490658504,1
305,0,1.919862177,0.5235987756,-0.2617993878,-0.3490658504,0.3490658504,1
306,0,1.919862177,0.5235987756,-0.2617993878,0,0,1
307,0,1.919862177,0.5235987756,0,0,0,1
308,0,1.919862177,0.5235987756,0.2617993878,0,0,1
309,0,1.919862177,0.5235987756,0,0,0.3490658504,1
310,0,1.919862177,0.5235987756,-0.2617993878,0,0.3490658504,1
311,0,1.919862177,0.5235987756,-0.2617993878,0.3490658504,0,1
312,0,1.919862177,0.5235987756,0,0.3490658504,0,1
313,0,1.919862177,0.5235987756,0.2617993878,0.3490658504,0,1
314,0,1.919862177,0.5235987756,0,0.3490658504,-0.3490658504,1
315,0,1.919862177,0.5235987756,-0.2617993878,0.3490658504,-0.3490658504,1
316,0,1.919862177,0.5235987756,0.2617993878,0.3490658504,-0.3490658504,1
317,0,1.919862177,0.5235987756,-0.2617993878,0.3490658504,0.3490658504,1
318,0,1.919862177,0.5235987756,0,0.3490658504,0.3490658504,1
319,0,1.919862177,0.5235987756,0.2617993878,0.3490658504,0.3490658504,1
320,0,1.919862177,0.5235987756,0.2617993878,0,0.3490658504,1
321,0,1.919862177,0.5235987756,0.2617993878,-0.3490658504,0.3490658504,1
322,0,1.919862177,0.5235987756,-0.2617993878,-0.3490658504,1.047197551,1
323,0,1.919862177,0.5235987756,0,-0.3490658504,1.047197551,1
324,0,1.919862177,0.5235987756,0.2617993878,-0.3490658504,1.047197551,1
325,0,1.919862177,0.5235987756,0,0,1.047197551,1
326,0,1.919862177,0.5235987756,-0.2617993878,0,1.047197551,1
327,0,1.919862177,0.5235987756,-0.2617993878,0.3490658504,1.047197551,1
328,0,1.919862177,0.5235987756,0,0.3490658504,1.047197551,1
329,0,1.919862177,0.5235987756,0.2617993878,0.3490658504,1.047197551,1
330,0,1.919862177,0.5235987756,0.2617993878,0,1.047197551,1
331,0,1.919862177,1.221730476,-0.2617993878,-0.3490658504,0.3490658504,1
332,0,1.919862177,1.221730476,0,-0.3490658504,0.3490658504,1
333,0,1.919862177,1.221730476,0.2617993878,-0.3490658504,0.3490658504,1
334,0,1.919862177,1.221730476,0,-0.3490658504,0,1
335,0,1.919862177,1.221730476,-0.2617993878,-0.3490658504,0,1
336,0,1.919862177,1.221730476,-0.2617993878,-0.3490658504,-0.3490658504,1
337,0,1.919862177,1.221730476,0,-0.3490658504,-0.3490658504,1
338,0,1.919862177,1.221730476,0.2617993878,-0.3490658504,-0.3490658504,1
339,0,1.919862177,1.221730476,0,0,-0.3490658504,1
340,0,1.919862177,1.221730476,-0.2617993878,0,-0.3490658504,1
341,0,1.919862177,1.221730476,-0.2617993878,0,0,1
342,0,1.919862177,1.221730476,0,0,0,1
343,0,1.919862177,1.221730476,0.2617993878,0,0,1
344,0,1.919862177,1.221730476,0,0,0.3490658504,1
345,0,1.919862177,1.221730476,-0.2617993878,0,0.3490658504,1
346,0,1.919862177,1.221730476,-0.2617993878,0.3490658504,0,1
347,0,1.919862177,1.221730476,0,0.3490658504,0,1
348,0,1.919862177,1.221730476,0.2617993878,0.3490658504,0,1
349,0,1.919862177,1.221730476,0,0.3490658504,-0.3490658504,1
350,0,1.919862177,1.221730476,-0.2617993878,0.3490658504,-0.3490658504,1
351,0,1.919862177,1.221730476,0.2617993878,0,-0.3490658504,1
352,0,1.919862177,1.221730476,0.2617993878,-0.3490658504,0,1
353,0,1.919862177,1.221730476,0.2617993878,0,0.3490658504,1
354,0,1.919862177,1.221730476,0,0.3490658504,0.3490658504,1
355,0,1.919862177,1.221730476,-0.2617993878,0.3490658504,0.3490658504,1
356,0,1.919862177,1.221730476,0.2617993878,0.3490658504,0.3490658504,1
357,0,1.919862177,1.221730476,0.7853981634,0,0,1
358,0,1.919862177,1.221730476,0.7853981634,-0.3490658504,-0.3490658504,1
359,0,1.919862177,1.221730476,0.7853981634,-0.3490658504,0,1
360,0,1.919862177,1.221730476,0.7853981634,-0.3490658504,0.3490658504,1
361,0,1.919862177,1.221730476,0.7853981634,0,0.3490658504,1
362,0,1.919862177,1.221730476,0.7853981634,0.3490658504,0,1
363,0,1.919862177,1.221730476,0.7853981634,0,-0.3490658504,1
364,0,1.919862177,1.221730476,0.7853981634,0.3490658504,-0.3490658504,1
365,0,1.919862177,1.221730476,0.2617993878,0.3490658504,-0.3490658504,1
366,0,1.919862177,1.221730476,-0.2617993878,0,-1.047197551,1
367,0,1.919862177,1.221730476,0,0,-1.047197551,1
368,0,1.919862177,1.221730476,0.2617993878,0,-1.047197551,1
369,0,1.919862177,1.221730476,0,-0.3490658504,-1.047197551,1
370,0,1.919862177,1.221730476,-0.2617993878,-0.3490658504,-1.047197551,1
371,0,1.919862177,1.221730476,0.2617993878,-0.3490658504,-1.047197551,1
372,0,1.919862177,1.221730476,0.7853981634,-0.3490658504,-1.047197551,1
373,0,1.919862177,1.221730476,0.7853981634,0,-1.047197551,1
374,0,1.919862177,1.221730476,0.7853981634,0.3490658504,-1.047197551,1
375,0,1.919862177,1.221730476,0.2617993878,0.3490658504,-1.047197551,1
376,0,1.919862177,1.221730476,0,0.3490658504,-1.047197551,1
377,0,1.919862177,1.221730476,-0.2617993878,0.3490658504,-1.047197551,1
378,0,1.919862177,1.221730476,-0.7853981634,0,-1.047197551,1
379,0,1.919862177,1.221730476,-0.7853981634,-0.3490658504,-1.047197551,1
380,0,1.919862177,1.221730476,-0.7853981634,-0.3490658504,-0.3490658504,1
381,0,1.919862177,1.221730476,-0.7853981634,-0.3490658504,0,1
382,0,1.919862177,1.221730476,-0.7853981634,-0.3490658504,0.3490658504,1
383,0,1.919862177,1.221730476,-0.7853981634,0,0,1
384,0,1.919862177,1.221730476,-0.7853981634,0,-0.3490658504,1
385,0,1.919862177,1.221730476,-0.7853981634,0.3490658504,-0.3490658504,1
386,0,1.919862177,1.221730476,-0.7853981634,0.3490658504,0,1
387,0,1.919862177,1.221730476,-0.7853981634,0,0.3490658504,1
388,0,1.919862177,1.221730476,-0.7853981634,0.3490658504,0.3490658504,1
389,0,1.919862177,1.221730476,-0.7853981634,0,1.047197551,1
390,0,1.919862177,1.221730476,-0.7853981634,-0.3490658504,1.047197551,1
391,0,1.919862177,1.221730476,-0.2617993878,-0.3490658504,1.047197551,1
392,0,1.919862177,1.221730476,0,-0.3490658504,1.047197551,1
393,0,1.919862177,1.221730476,0.2617993878,-0.3490658504,1.047197551,1
394,0,1.919862177,1.221730476,0,0,1.047197551,1
395,0,1.919862177,1.221730476,-0.2617993878,0,1.047197551,1
396,0,1.919862177,1.221730476,-0.2617993878,0.3490658504,1.047197551,1
397,0,1.919862177,1.221730476,0,0.3490658504,1.047197551,1
398,0,1.919862177,1.221730476,0.2617993878,0.3490658504,1.047197551,1
399,0,1.919862177,1.221730476,0.2617993878,0,1.047197551,1
400,0,1.919862177,1.221730476,0.7853981634,-0.3490658504,1.047197551,1
401,0,1.919862177,1.221730476,0.7853981634,0,1.047197551,1
402,0,1.919862177,1.221730476,0.7853981634,0.3490658504,1.047197551,1
403,0,1.919862177,1.221730476,0.7853981634,0.3490658504,0.3490658504,1
404,0,1.919862177,0.5235987756,0.2617993878,-0.3490658504,-0.3490658504,1
405,0,1.221730476,1.221730476,0.2617993878,-0.3490658504,0.3490658504,1
406,0,0.5235987756,1.919862177,-0.2617993878,-0.3490658504,-0.3490658504,1
407,0,0.5235987756,1.919862177,0,-0.3490658504,-0.3490658504,1
408,0,0.5235987756,1.919862177,0.2617993878,-0.3490658504,-0.3490658504,1
409,0,0.5235987756,1.919862177,0,-0.3490658504,0,1
410,0,0.5235987756,1.919862177,-0.2617993878,-0.3490658504,0,1
411,0,0.5235987756,1.919862177,-0.2617993878,-0.3490658504,0.3490658504,1
412,0,0.5235987756,1.919862177,0,-0.3490658504,0.3490658504,1
413,0,0.5235987756,1.919862177,0.2617993878,-0.3490658504,0.3490658504,1
414,0,0.5235987756,1.919862177,0,0,0,1
415,0,0.5235987756,1.919862177,-0.2617993878,0,0,1
416,0,0.5235987756,1.919862177,-0.2617993878,0,-0.3490658504,1
417,0,0.5235987756,1.919862177,0,0,-0.3490658504,1
418,0,0.5235987756,1.919862177,0.2617993878,0,-0.3490658504,1
419,0,0.5235987756,1.919862177,0,0.3490658504,-0.3490658504,1
420,0,0.5235987756,1.919862177,-0.2617993878,0.3490658504,-0.3490658504,1
421,0,0.5235987756,1.919862177,-0.2617993878,0.3490658504,0,1
422,0,0.5235987756,1.919862177,0,0.3490658504,0,1
423,0,0.5235987756,1.919862177,0.2617993878,0.3490658504,0,1
424,0,0.5235987756,1.919862177,0,0,0.3490658504,1
425,0,0.5235987756,1.919862177,-0.2617993878,0,0.3490658504,1
426,0,0.5235987756,1.919862177,-0.2617993878,0.3490658504,0.3490658504,1
427,0,0.5235987756,1.919862177,0,0.3490658504,0.3490658504,1
428,0,0.5235987756,1.919862177,0.2617993878,0.3490658504,0.3490658504,1
429,0,0.5235987756,1.919862177,0.2617993878,0,0,1
430,0,0.5235987756,1.919862177,0.2617993878,-0.3490658504,0,1
431,0,0.5235987756,1.919862177,0.2617993878,0,0.3490658504,1
432,0,0.5235987756,1.919862177,0.7853981634,-0.3490658504,0,1
433,0,0.5235987756,1.919862177,0.7853981634,-0.3490658504,-0.3490658504,1
434,0,0.5235987756,1.919862177,0.7853981634,0,-0.3490658504,1
435,0,0.5235987756,1.919862177,0.7853981634,0,0,1
436,0,0.5235987756,1.919862177,0.7853981634,-0.3490658504,0.3490658504,1
437,0,0.5235987756,1.919862177,0.7853981634,0,0.3490658504,1
438,0,0.5235987756,1.919862177,0.7853981634,0.3490658504,0,1
439,0,0.5235987756,1.919862177,0.7853981634,0.3490658504,-0.3490658504,1
440,0,0.5235987756,1.919862177,0.2617993878,0.3490658504,-0.3490658504,1
441,0,0.5235987756,1.919862177,-0.2617993878,0,-1.047197551,1
442,0,0.5235987756,1.919862177,0,0,-1.047197551,1
443,0,0.5235987756,1.919862177,0.2617993878,0,-1.047197551,1
444,0,0.5235987756,1.919862177,0,-0.3490658504,-1.047197551,1
445,0,0.5235987756,1.919862177,-0.2617993878,-0.3490658504,-1.047197551,1
446,0,0.5235987756,1.919862177,0.2617993878,-0.3490658504,-1.047197551,1
447,0,0.5235987756,1.919862177,0.7853981634,-0.3490658504,-1.047197551,1
448,0,0.5235987756,1.919862177,0.7853981634,0,-1.047197551,1
449,0,0.5235987756,1.919862177,0.7853981634,0.3490658504,-1.047197551,1
450,0,0.5235987756,1.919862177,0.2617993878,0.3490658504,-1.047197551,1
451,0,0.5235987756,1.919862177,0,0.3490658504,-1.047197551,1
452,0,0.5235987756,1.919862177,-0.2617993878,0.3490658504,-1.047197551,1
453,0,0.5235987756,1.919862177,-0.7853981634,0,-1.047197551,1
454,0,0.5235987756,1.919862177,-0.7853981634,-0.3490658504,-1.047197551,1
455,0,0.5235987756,1.919862177,-0.7853981634,-0.3490658504,-0.3490658504,1
456,0,0.5235987756,1.919862177,-0.7853981634,-0.3490658504,0,1
457,0,0.5235987756,1.919862177,-0.7853981634,-0.3490658504,0.3490658504,1
458,0,0.5235987756,1.919862177,-0.7853981634,0,0,1
459,0,0.5235987756,1.919862177,-0.7853981634,0,-0.3490658504,1
460,0,0.5235987756,1.919862177,-0.7853981634,0.3490658504,-0.3490658504,1
461,0,0.5235987756,1.919862177,-0.7853981634,0.3490658504,0,1
462,0,0.5235987756,1.919862177,-0.7853981634,0,0.3490658504,1
463,0,0.5235987756,1.919862177,-0.7853981634,0.3490658504,0.3490658504,1
464,0,0.5235987756,1.919862177,-0.7853981634,0,1.047197551,1
465,0,0.5235987756,1.919862177,-0.7853981634,-0.3490658504,1.047197551,1
466,0,0.5235987756,1.919862177,-0.2617993878,-0.3490658504,1.047197551,1
467,0,0.5235987756,1.919862177,0,-0.3490658504,1.047197551,1
468,0,0.5235987756,1.919862177,0.2617993878,-0.3490658504,1.047197551,1
469,0,0.5235987756,1.919862177,0,0,1.047197551,1
470,0,0.5235987756,1.919862177,-0.2617993878,0,1.047197551,1
471,0,0.5235987756,1.919862177,-0.2617993878,0.3490658504,1.047197551,1
472,0,0.5235987756,1.919862177,0,0.3490658504,1.047197551,1
473,0,0.5235987756,1.919862177,0.2617993878,0.3490658504,1.047197551,1
474,0,0.5235987756,1.919862177,0.2617993878,0,1.047197551,1
475,0,0.5235987756,1.919862177,0.7853981634,-0.3490658504,1.047197551,1
476,0,0.5235987756,1.919862177,0.7853981634,0,1.047197551,1
477,0,0.5235987756,1.919862177,0.7853981634,0.3490658504,1.047197551,1
478,0,0.5235987756,1.919862177,0.7853981634,0.3490658504,0.3490658504,1
479,0,1.221730476,1.919862177,0.2617993878,-0.3490658504,-0.3490658504,1
480,0,1.221730476,1.919862177,0,-0.3490658504,-0.3490658504,1
481,0,1.221730476,1.919862177,-0.2617993878,-0.3490658504,-0.3490658504,1
482,0,1.221730476,1.919862177,-0.2617993878,-0.3490658504,0,1
483,0,1.221730476,1.919862177,0,-0.3490658504,0,1
484,0,1.221730476,1.919862177,0.2617993878,-0.3490658504,0,1
485,0,1.221730476,1.919862177,0,-0.3490658504,0.3490658504,1
486,0,1.221730476,1.919862177,-0.2617993878,-0.3490658504,0.3490658504,1
487,0,1.221730476,1.919862177,-0.2617993878,0,0,1
488,0,1.221730476,1.919862177,0,0,0,1
489,0,1.221730476,1.919862177,0.2617993878,0,0,1
490,0,1.221730476,1.919862177,0,0,-0.3490658504,1
491,0,1.221730476,1.919862177,-0.2617993878,0,-0.3490658504,1
492,0,1.221730476,1.919862177,-0.2617993878,0.3490658504,-0.3490658504,1
493,0,1.221730476,1.919862177,0,0.3490658504,-0.3490658504,1
494,0,1.221730476,1.919862177,0.2617993878,0.3490658504,-0.3490658504,1
495,0,1.221730476,1.919862177,0,0.3490658504,0,1
496,0,1.221730476,1.919862177,-0.2617993878,0.3490658504,0,1
497,0,1.221730476,1.919862177,-0.2617993878,0,0.3490658504,1
498,0,1.221730476,1.919862177,0,0,0.3490658504,1
499,0,1.221730476,1.919862177,0.2617993878,0,0.3490658504,1
500,0,1.221730476,1.919862177,0,0.3490658504,0.3490658504,1
501,0,1.221730476,1.919862177,-0.2617993878,0.3490658504,0.3490658504,1
502,0,1.221730476,1.919862177,0.2617993878,0.3490658504,0,1
503,0,1.221730476,1.919862177,0.2617993878,0,-0.3490658504,1
504,0,1.221730476,1.919862177,0.7853981634,-0.3490658504,-0.3490658504,1
505,0,1.221730476,1.919862177,0.7853981634,-0.3490658504,0,1
506,0,1.221730476,1.919862177,0.7853981634,-0.3490658504,0.3490658504,1
507,0,1.221730476,1.919862177,0.7853981634,0,0,1
508,0,1.221730476,1.919862177,0.7853981634,0,-0.3490658504,1
509,0,1.221730476,1.919862177,0.7853981634,0.3490658504,-0.3490658504,1
510,0,1.221730476,1.919862177,0.7853981634,0.3490658504,0,1
511,0,1.221730476,1.919862177,0.7853981634,0,0.3490658504,1
512,0,1.221730476,1.919862177,0.7853981634,0.3490658504,0.3490658504,1
513,0,1.221730476,1.919862177,0.2617993878,0.3490658504,0.3490658504,1
514,0,1.221730476,1.919862177,-0.2617993878,0,1.047197551,1
515,0,1.221730476,1.919862177,0,0,1.047197551,1
516,0,1.221730476,1.919862177,0.2617993878,0,1.047197551,1
517,0,1.221730476,1.919862177,0,-0.3490658504,1.047197551,1
518,0,1.221730476,1.919862177,-0.2617993878,-0.3490658504,1.047197551,1
519,0,1.221730476,1.919862177,0.2617993878,-0.3490658504,1.047197551,1
520,0,1.221730476,1.919862177,0.7853981634,-0.3490658504,1.047197551,1
521,0,1.221730476,1.919862177,0.7853981634,0,1.047197551,1
522,0,1.221730476,1.919862177,0.7853981634,0.3490658504,1.047197551,1
523,0,1.221730476,1.919862177,0.2617993878,0.3490658504,1.047197551,1
524,0,1.221730476,1.919862177,0,0.3490658504,1.047197551,1
525,0,1.221730476,1.919862177,-0.2617993878,0.3490658504,1.047197551,1
526,0,1.221730476,1.919862177,-0.7853981634,0,1.047197551,1
527,0,1.221730476,1.919862177,-0.7853981634,-0.3490658504,1.047197551,1
528,0,1.221730476,1.919862177,-0.7853981634,-0.3490658504,0.3490658504,1
529,0,1.221730476,1.919862177,-0.7853981634,-0.3490658504,0,1
530,0,1.221730476,1.919862177,-0.7853981634,-0.3490658504,-0.3490658504,1
531,0,1.221730476,1.919862177,-0.7853981634,0,-0.3490658504,1
532,0,1.221730476,1.919862177,-0.7853981634,0,0,1
533,0,1.221730476,1.919862177,-0.7853981634,0,0.3490658504,1
534,0,1.221730476,1.919862177,-0.7853981634,0.3490658504,0,1
535,0,1.221730476,1.919862177,-0.7853981634,0.3490658504,-0.3490658504,1
536,0,1.221730476,1.919862177,-0.7853981634,0,-1.047197551,1
537,0,1.221730476,1.919862177,-0.7853981634,-0.3490658504,-1.047197551,1
538,0,1.221730476,1.919862177,-0.2617993878,-0.3490658504,-1.047197551,1
539,0,1.221730476,1.919862177,0,-0.3490658504,-1.047197551,1
540,0,1.221730476,1.919862177,0.2617993878,-0.3490658504,-1.047197551,1
541,0,1.221730476,1.919862177,0,0,-1.047197551,1
542,0,1.221730476,1.919862177,-0.2617993878,0,-1.047197551,1
543,0,1.221730476,1.919862177,-0.2617993878,0.3490658504,-1.047197551,1
544,0,1.221730476,1.919862177,0,0.3490658504,-1.047197551,1
545,0,1.221730476,1.919862177,0.2617993878,0.3490658504,-1.047197551,1
546,0,1.221730476,1.919862177,0.2617993878,0,-1.047197551,1
547,0,1.221730476,1.919862177,0.7853981634,-0.3490658504,-1.047197551,1
548,0,1.221730476,1.919862177,0.7853981634,0,-1.047197551,1
549,0,1.221730476,1.919862177,0.7853981634,0.3490658504,-1.047197551,1
550,0,0.5235987756,2.617993878,0.2617993878,-0.3490658504,-1.047197551,1
551,0,0.5235987756,2.617993878,0,-0.3490658504,-1.047197551,1
552,0,0.5235987756,2.617993878,-0.2617993878,-0.3490658504,-1.047197551,1
553,0,0.5235987756,2.617993878,-0.2617993878,0,-1.047197551,1
554,0,0.5235987756,2.617993878,0,0,-1.047197551,1
555,0,0.5235987756,2.617993878,0.2617993878,0,-1.047197551,1
556,0,0.5235987756,2.617993878,0,0.3490658504,-1.047197551,1
557,0,0.5235987756,2.617993878,-0.2617993878,0.3490658504,-1.047197551,1
558,0,0.5235987756,2.617993878,0.2617993878,0.3490658504,-1.047197551,1
559,0,0.5235987756,2.617993878,0.7853981634,0,-1.047197551,1
560,0,0.5235987756,2.617993878,0.7853981634,-0.3490658504,-1.047197551,1
561,0,0.5235987756,2.617993878,0.2617993878,-0.3490658504,-0.3490658504,1
562,0,0.5235987756,2.617993878,0,-0.3490658504,-0.3490658504,1
563,0,0.5235987756,2.617993878,-0.2617993878,-0.3490658504,-0.3490658504,1
564,0,0.5235987756,2.617993878,-0.2617993878,-0.3490658504,0,1
565,0,0.5235987756,2.617993878,0,-0.3490658504,0,1
566,0,0.5235987756,2.617993878,0.2617993878,-0.3490658504,0,1
567,0,0.5235987756,2.617993878,0,-0.3490658504,0.3490658504,1
568,0,0.5235987756,2.617993878,-0.2617993878,-0.3490658504,0.3490658504,1
569,0,0.5235987756,2.617993878,-0.2617993878,0,0,1
570,0,0.5235987756,2.617993878,0,0,0,1
571,0,0.5235987756,2.617993878,0.2617993878,0,0,1
572,0,0.5235987756,2.617993878,0,0,-0.3490658504,1
573,0,0.5235987756,2.617993878,-0.2617993878,0,-0.3490658504,1
574,0,0.5235987756,2.617993878,-0.2617993878,0.3490658504,-0.3490658504,1
575,0,0.5235987756,2.617993878,0,0.3490658504,-0.3490658504,1
576,0,0.5235987756,2.617993878,0.2617993878,0.3490658504,-0.3490658504,1
577,0,0.5235987756,2.617993878,0,0.3490658504,0,1
578,0,0.5235987756,2.617993878,-0.2617993878,0.3490658504,0,1
579,0,0.5235987756,2.617993878,-0.2617993878,0,0.3490658504,1
580,0,0.5235987756,2.617993878,0,0,0.3490658504,1
581,0,0.5235987756,2.617993878,0.2617993878,0,0.3490658504,1
582,0,0.5235987756,2.617993878,0,0.3490658504,0.3490658504,1
583,0,0.5235987756,2.617993878,-0.2617993878,0.3490658504,0.3490658504,1
584,0,0.5235987756,2.617993878,0.2617993878,0.3490658504,0,1
585,0,0.5235987756,2.617993878,0.2617993878,0,-0.3490658504,1
586,0,0.5235987756,2.617993878,0.7853981634,-0.3490658504,-0.3490658504,1
587,0,0.5235987756,2.617993878,0.7853981634,-0.3490658504,0,1
588,0,0.5235987756,2.617993878,0.7853981634,-0.3490658504,0.3490658504,1
589,0,0.5235987756,2.617993878,0.7853981634,0,0,1
590,0,0.5235987756,2.617993878,0.7853981634,0,-0.3490658504,1
591,0,0.5235987756,2.617993878,0.7853981634,0.3490658504,-0.3490658504,1
592,0,0.5235987756,2.617993878,0.7853981634,0.3490658504,0,1
593,0,0.5235987756,2.617993878,0.7853981634,0,0.3490658504,1
594,0,0.5235987756,2.617993878,0.7853981634,0.3490658504,0.3490658504,1
595,0,0.5235987756,2.617993878,0.2617993878,0.3490658504,0.3490658504,1
596,0,0.5235987756,2.617993878,-0.2617993878,0,1.047197551,1
597,0,0.5235987756,2.617993878,0,0,1.047197551,1
598,0,0.5235987756,2.617993878,0.2617993878,0,1.047197551,1
599,0,0.5235987756,2.617993878,0,-0.3490658504,1.047197551,1
600,0,0.5235987756,2.617993878,-0.2617993878,-0.3490658504,1.047197551,1
601,0,0.5235987756,2.617993878,0.2617993878,-0.3490658504,1.047197551,1
602,0,0.5235987756,2.617993878,0.7853981634,-0.3490658504,1.047197551,1
603,0,0.5235987756,2.617993878,0.7853981634,0,1.047197551,1
604,0,0.5235987756,2.617993878,0.7853981634,0.3490658504,1.047197551,1
605,0,0.5235987756,2.617993878,0.2617993878,0.3490658504,1.047197551,1
606,0,0.5235987756,2.617993878,0,0.3490658504,1.047197551,1
607,0,0.5235987756,2.617993878,-0.2617993878,0.3490658504,1.047197551,1
608,0,0.5235987756,2.617993878,-0.7853981634,0,1.047197551,1
609,0,0.5235987756,2.617993878,-0.7853981634,-0.3490658504,1.047197551,1
610,0,0.5235987756,2.617993878,-0.7853981634,-0.3490658504,0.3490658504,1
611,0,0.5235987756,2.617993878,-0.7853981634,-0.3490658504,0,1
612,0,0.5235987756,2.617993878,-0.7853981634,-0.3490658504,-0.3490658504,1
613,0,0.5235987756,2.617993878,-0.7853981634,0,-0.3490658504,1
614,0,0.5235987756,2.617993878,-0.7853981634,0,0,1
615,0,0.5235987756,2.617993878,-0.7853981634,0,0.3490658504,1
616,0,0.5235987756,2.617993878,-0.7853981634,0.3490658504,0,1
617,0,0.5235987756,2.617993878,-0.7853981634,0.3490658504,-0.3490658504,1
618,0,0.5235987756,2.617993878,-0.7853981634,0,-1.047197551,1
619,0,0.5235987756,2.617993878,-0.7853981634,-0.3490658504,-1.047197551,1
620,0,0.5235987756,2.617993878,-0.7853981634,0.3490658504,-1.047197551,1
621,0,1.221730476,2.617993878,-0.7853981634,-0.3490658504,-1.047197551,1
622,0,1.221730476,2.617993878,-0.7853981634,0,-1.047197551,1
623,0,1.221730476,2.617993878,-0.7853981634,0.3490658504,-1.047197551,1
624,0,1.221730476,2.617993878,-0.2617993878,0,-1.047197551,1
625,0,1.221730476,2.617993878,0,0,-1.047197551,1
626,0,1.221730476,2.617993878,0.2617993878,0,-1.047197551,1
627,0,1.221730476,2.617993878,0,-0.3490658504,-1.047197551,1
628,0,1.221730476,2.617993878,-0.2617993878,-0.3490658504,-1.047197551,1
629,0,1.221730476,2.617993878,0.2617993878,-0.3490658504,-1.047197551,1
630,0,1.221730476,2.617993878,0.7853981634,-0.3490658504,-1.047197551,1
631,0,1.221730476,2.617993878,0.7853981634,0,-1.047197551,1
632,0,1.221730476,2.617993878,0.7853981634,0.3490658504,-1.047197551,1
633,0,1.221730476,2.617993878,0.2617993878,0.3490658504,-1.047197551,1
634,0,1.221730476,2.617993878,0,0.3490658504,-1.047197551,1
635,0,1.221730476,2.617993878,-0.2617993878,0.3490658504,-1.047197551,1
636,0,1.221730476,2.617993878,-0.7853981634,0,-0.3490658504,1
637,0,1.221730476,2.617993878,-0.7853981634,-0.3490658504,-0.3490658504,1
638,0,1.221730476,2.617993878,-0.7853981634,-0.3490658504,0,1
639,0,1.221730476,2.617993878,-0.7853981634,-0.3490658504,0.3490658504,1
640,0,1.221730476,2.617993878,-0.7853981634,0,0,1
641,0,1.221730476,2.617993878,-0.7853981634,0,0.3490658504,1
642,0,1.221730476,2.617993878,-0.7853981634,0.3490658504,0,1
643,0,1.221730476,2.617993878,-0.7853981634,0.3490658504,-0.3490658504,1
644,0,1.221730476,2.617993878,-0.2617993878,0,-0.3490658504,1
645,0,1.221730476,2.617993878,0,0,-0.3490658504,1
646,0,1.221730476,2.617993878,0.2617993878,0,-0.3490658504,1
647,0,1.221730476,2.617993878,0,-0.3490658504,-0.3490658504,1
648,0,1.221730476,2.617993878,-0.2617993878,-0.3490658504,-0.3490658504,1
649,0,1.221730476,2.617993878,-0.2617993878,-0.3490658504,0,1
650,0,1.221730476,2.617993878,0,-0.3490658504,0,1
651,0,1.221730476,2.617993878,0.2617993878,-0.3490658504,0,1
652,0,1.221730476,2.617993878,0,-0.3490658504,0.3490658504,1
653,0,1.221730476,2.617993878,-0.2617993878,-0.3490658504,0.3490658504,1
654,0,1.221730476,2.617993878,-0.2617993878,0,0,1
655,0,1.221730476,2.617993878,0,0,0,1
656,0,1.221730476,2.617993878,0.2617993878,0,0,1
657,0,1.221730476,2.617993878,0,0,0.3490658504,1
658,0,1.221730476,2.617993878,-0.2617993878,0,0.3490658504,1
659,0,1.221730476,2.617993878,-0.2617993878,0.3490658504,0,1
660,0,1.221730476,2.617993878,0,0.3490658504,0,1
661,0,1.221730476,2.617993878,0.2617993878,0.3490658504,0,1
662,0,1.221730476,2.617993878,0,0.3490658504,-0.3490658504,1
663,0,1.221730476,2.617993878,-0.2617993878,0.3490658504,-0.3490658504,1
664,0,1.221730476,2.617993878,0.2617993878,0.3490658504,-0.3490658504,1
665,0,1.221730476,2.617993878,0.7853981634,0,-0.3490658504,1
666,0,1.221730476,2.617993878,0.7853981634,-0.3490658504,-0.3490658504,1
667,0,1.221730476,2.617993878,0.7853981634,-0.3490658504,0,1
668,0,1.221730476,2.617993878,0.7853981634,-0.3490658504,0.3490658504,1
669,0,1.221730476,2.617993878,0.7853981634,0,0,1
670,0,1.221730476,2.617993878,0.7853981634,0,0.3490658504,1
671,0,1.221730476,2.617993878,0.7853981634,0.3490658504,0,1
672,0,1.221730476,2.617993878,0.7853981634,0.3490658504,-0.3490658504,1
673,0,0.5235987756,2.617993878,0.2617993878,-0.3490658504,0.3490658504,1
674,0,1.221730476,2.617993878,-0.2617993878,-0.3490658504,1.047197551,1
675,0,1.221730476,2.617993878,0,-0.3490658504,1.047197551,1
676,0,1.221730476,2.617993878,0.2617993878,-0.3490658504,1.047197551,1
677,0,1.221730476,2.617993878,0,0,1.047197551,1
678,0,1.221730476,2.617993878,-0.2617993878,0,1.047197551,1
679,0,1.221730476,2.617993878,-0.2617993878,0.3490658504,1.047197551,1
680,0,1.221730476,2.617993878,0,0.3490658504,1.047197551,1
681,0,1.221730476,2.617993878,0.2617993878,0.3490658504,1.047197551,1
682,0,1.221730476,2.617993878,0.2617993878,0,1.047197551,1
683,0,1.221730476,2.617993878,0.7853981634,-0.3490658504,1.047197551,1
684,0,1.221730476,2.617993878,0.7853981634,0,1.047197551,1
685,0,1.221730476,2.617993878,0.7853981634,0.3490658504,1.047197551,1
686,0,1.221730476,2.617993878,0.2617993878,0,0.3490658504,1
687,0,1.221730476,2.617993878,0,0.3490658504,0.3490658504,1
688,0,1.221730476,2.617993878,-0.2617993878,0.3490658504,0.3490658504,1
689,0,1.221730476,2.617993878,0.2617993878,0.3490658504,0.3490658504,1
690,0,1.221730476,2.617993878,0.7853981634,0.3490658504,0.3490658504,1
691,0,1.221730476,2.617993878,0.2617993878,-0.3490658504,-0.3490658504,1
692,0,0.5235987756,2.617993878,0.7853981634,0.3490658504,-1.047197551,1
693,0,1.221730476,1.919862177,0.2617993878,-0.3490658504,0.3490658504,1
694,0,1.221730476,2.617993878,0.2617993878,-0.3490658504,0.3490658504,1
695,0,1.919862177,1.919862177,-0.2617993878,-0.3490658504,-0.3490658504,1
696,0,1.919862177,1.919862177,0,-0.3490658504,-0.3490658504,1
697,0,1.919862177,1.919862177,0.2617993878,-0.3490658504,-0.3490658504,1
698,0,1.919862177,1.919862177,0,-0.3490658504,0,1
699,0,1.919862177,1.919862177,-0.2617993878,-0.3490658504,0,1
700,0,1.919862177,1.919862177,-0.2617993878,-0.3490658504,0.3490658504,1
701,0,1.919862177,1.919862177,0,-0.3490658504,0.3490658504,1
702,0,1.919862177,1.919862177,0.2617993878,-0.3490658504,0.3490658504,1
703,0,1.919862177,1.919862177,0,0,0,1
704,0,1.919862177,1.919862177,-0.2617993878,0,0,1
705,0,1.919862177,1.919862177,-0.2617993878,0,-0.3490658504,1
706,0,1.919862177,1.919862177,0,0,-0.3490658504,1
707,0,1.919862177,1.919862177,0.2617993878,0,-0.3490658504,1
708,0,1.919862177,1.919862177,0,0.3490658504,-0.3490658504,1
709,0,1.919862177,1.919862177,-0.2617993878,0.3490658504,-0.3490658504,1
710,0,1.919862177,1.919862177,-0.2617993878,0.3490658504,0,1
711,0,1.919862177,1.919862177,0,0.3490658504,0,1
712,0,1.919862177,1.919862177,0.2617993878,0.3490658504,0,1
713,0,1.919862177,1.919862177,0,0,0.3490658504,1
714,0,1.919862177,1.919862177,-0.2617993878,0,0.3490658504,1
715,0,1.919862177,1.919862177,-0.2617993878,0.3490658504,0.3490658504,1
716,0,1.919862177,1.919862177,0,0.3490658504,0.3490658504,1
717,0,1.919862177,1.919862177,0.2617993878,0.3490658504,0.3490658504,1
718,0,1.919862177,1.919862177,0.2617993878,0,0,1
719,0,1.919862177,1.919862177,0.2617993878,-0.3490658504,0,1
720,0,1.919862177,1.919862177,0.2617993878,0,0.3490658504,1
721,0,1.919862177,1.919862177,0.7853981634,-0.3490658504,0,1
722,0,1.919862177,1.919862177,0.7853981634,-0.3490658504,-0.3490658504,1
723,0,1.919862177,1.919862177,0.7853981634,0,-0.3490658504,1
724,0,1.919862177,1.919862177,0.7853981634,0,0,1
725,0,1.919862177,1.919862177,0.7853981634,-0.3490658504,0.3490658504,1
726,0,1.919862177,1.919862177,0.7853981634,0,0.3490658504,1
727,0,1.919862177,1.919862177,0.7853981634,0.3490658504,0,1
728,0,1.919862177,1.919862177,0.7853981634,0.3490658504,-0.3490658504,1
729,0,1.919862177,1.919862177,0.2617993878,0.3490658504,-0.3490658504,1
730,0,1.919862177,1.919862177,-0.2617993878,0,-1.047197551,1
731,0,1.919862177,1.919862177,0,0,-1.047197551,1
732,0,1.919862177,1.919862177,0.2617993878,0,-1.047197551,1
733,0,1.919862177,1.919862177,0,-0.3490658504,-1.047197551,1
734,0,1.919862177,1.919862177,-0.2617993878,-0.3490658504,-1.047197551,1
735,0,1.919862177,1.919862177,0.2617993878,-0.3490658504,-1.047197551,1
736,0,1.919862177,1.919862177,0.7853981634,-0.3490658504,-1.047197551,1
737,0,1.919862177,1.919862177,0.7853981634,0,-1.047197551,1
738,0,1.919862177,1.919862177,0.7853981634,0.3490658504,-1.047197551,1
739,0,1.919862177,1.919862177,0.2617993878,0.3490658504,-1.047197551,1
740,0,1.919862177,1.919862177,0,0.3490658504,-1.047197551,1
741,0,1.919862177,1.919862177,-0.2617993878,0.3490658504,-1.047197551,1
742,0,1.919862177,1.919862177,-0.7853981634,0,-1.047197551,1
743,0,1.919862177,1.919862177,-0.7853981634,-0.3490658504,-1.047197551,1
744,0,1.919862177,1.919862177,-0.7853981634,-0.3490658504,-0.3490658504,1
745,0,1.919862177,1.919862177,-0.7853981634,-0.3490658504,0,1
746,0,1.919862177,1.919862177,-0.7853981634,-0.3490658504,0.3490658504,1
747,0,1.919862177,1.919862177,-0.7853981634,0,0,1
748,0,1.919862177,1.919862177,-0.7853981634,0,-0.3490658504,1
749,0,1.919862177,1.919862177,-0.7853981634,0.3490658504,-0.3490658504,1
750,0,1.919862177,1.919862177,-0.7853981634,0.3490658504,0,1
751,0,1.919862177,1.919862177,-0.7853981634,0,0.3490658504,1
752,0,1.919862177,1.919862177,-0.7853981634,0.3490658504,0.3490658504,1
753,0,1.919862177,1.919862177,-0.7853981634,0,1.047197551,1
754,0,1.919862177,1.919862177,-0.7853981634,-0.3490658504,1.047197551,1
755,0,1.919862177,1.919862177,-0.2617993878,-0.3490658504,1.047197551,1
756,0,1.919862177,1.919862177,0,-0.3490658504,1.047197551,1
757,0,1.919862177,1.919862177,0.2617993878,-0.3490658504,1.047197551,1
758,0,1.919862177,1.919862177,0,0,1.047197551,1
759,0,1.919862177,1.919862177,-0.2617993878,0,1.047197551,1
760,0,1.919862177,1.919862177,-0.2617993878,0.3490658504,1.047197551,1
761,0,1.919862177,1.919862177,0,0.3490658504,1.047197551,1
762,0,1.919862177,1.919862177,0.2617993878,0.3490658504,1.047197551,1
763,0,1.919862177,1.919862177,0.2617993878,0,1.047197551,1
764,0,1.919862177,1.919862177,0.7853981634,-0.3490658504,1.047197551,1
765,0,1.919862177,1.919862177,0.7853981634,0,1.047197551,1
766,0,1.919862177,1.919862177,0.7853981634,0.3490658504,1.047197551,1
767,0,1.919862177,1.919862177,0.7853981634,0.3490658504,0.3490658504,1
768,0,1.919862177,2.617993878,0.2617993878,-0.3490658504,-0.3490658504,1
769,0,1.919862177,2.617993878,0,-0.3490658504,-0.3490658504,1
770,0,1.919862177,2.617993878,-0.2617993878,-0.3490658504,-0.3490658504,1
771,0,1.919862177,2.617993878,-0.2617993878,-0.3490658504,0,1
772,0,1.919862177,2.617993878,0,-0.3490658504,0,1
773,0,1.919862177,2.617993878,0.2617993878,-0.3490658504,0,1
774,0,1.919862177,2.617993878,0,-0.3490658504,0.3490658504,1
775,0,1.919862177,2.617993878,-0.2617993878,-0.3490658504,0.3490658504,1
776,0,1.919862177,2.617993878,-0.2617993878,0,0,1
777,0,1.919862177,2.617993878,0,0,0,1
778,0,1.919862177,2.617993878,0.2617993878,0,0,1
779,0,1.919862177,2.617993878,0,0,-0.3490658504,1
780,0,1.919862177,2.617993878,-0.2617993878,0,-0.3490658504,1
781,0,1.919862177,2.617993878,-0.2617993878,0.3490658504,-0.3490658504,1
782,0,1.919862177,2.617993878,0,0.3490658504,-0.3490658504,1
783,0,1.919862177,2.617993878,0.2617993878,0.3490658504,-0.3490658504,1
784,0,1.919862177,2.617993878,0,0.3490658504,0,1
785,0,1.919862177,2.617993878,-0.2617993878,0.3490658504,0,1
786,0,1.919862177,2.617993878,-0.2617993878,0,0.3490658504,1
787,0,1.919862177,2.617993878,0,0,0.3490658504,1
788,0,1.919862177,2.617993878,0.2617993878,0,0.3490658504,1
789,0,1.919862177,2.617993878,0,0.3490658504,0.3490658504,1
790,0,1.919862177,2.617993878,-0.2617993878,0.3490658504,0.3490658504,1
791,0,1.919862177,2.617993878,0.2617993878,0.3490658504,0,1
792,0,1.919862177,2.617993878,0.2617993878,0,-0.3490658504,1
793,0,1.919862177,2.617993878,0.7853981634,-0.3490658504,-0.3490658504,1
794,0,1.919862177,2.617993878,0.7853981634,-0.3490658504,0,1
795,0,1.919862177,2.617993878,0.7853981634,-0.3490658504,0.3490658504,1
796,0,1.919862177,2.617993878,0.7853981634,0,0,1
797,0,1.919862177,2.617993878,0.7853981634,0,-0.3490658504,1
798,0,1.919862177,2.617993878,0.7853981634,0.3490658504,-0.3490658504,1
799,0,1.919862177,2.617993878,0.7853981634,0.3490658504,0,1
800,0,1.919862177,2.617993878,0.7853981634,0,0.3490658504,1
801,0,1.919862177,2.617993878,0.7853981634,0.3490658504,0.3490658504,1
802,0,1.919862177,2.617993878,0.2617993878,0.3490658504,0.3490658504,1
803,0,1.919862177,2.617993878,-0.2617993878,0,1.047197551,1
804,0,1.919862177,2.617993878,0,0,1.047197551,1
805,0,1.919862177,2.617993878,0.2617993878,0,1.047197551,1
806,0,1.919862177,2.617993878,0,-0.3490658504,1.047197551,1
807,0,1.919862177,2.617993878,-0.2617993878,-0.3490658504,1.047197551,1
808,0,1.919862177,2.617993878,0.2617993878,-0.3490658504,1.047197551,1
809,0,1.919862177,2.617993878,0.7853981634,-0.3490658504,1.047197551,1
810,0,1.919862177,2.617993878,0.7853981634,0,1.047197551,1
811,0,1.919862177,2.617993878,0.7853981634,0.3490658504,1.047197551,1
812,0,1.919862177,2.617993878,0.2617993878,0.3490658504,1.047197551,1
813,0,1.919862177,2.617993878,0,0.3490658504,1.047197551,1
814,0,1.919862177,2.617993878,-0.2617993878,0.3490658504,1.047197551,1
815,0,1.919862177,2.617993878,-0.7853981634,0,1.047197551,1
816,0,1.919862177,2.617993878,-0.7853981634,-0.3490658504,1.047197551,1
817,0,1.919862177,2.617993878,-0.7853981634,-0.3490658504,0.3490658504,1
818,0,1.919862177,2.617993878,-0.7853981634,-0.3490658504,0,1
819,0,1.919862177,2.617993878,-0.7853981634,-0.3490658504,-0.3490658504,1
820,0,1.919862177,2.617993878,-0.7853981634,0,-0.3490658504,1
821,0,1.919862177,2.617993878,-0.7853981634,0,0,1
822,0,1.919862177,2.617993878,-0.7853981634,0,0.3490658504,1
823,0,1.919862177,2.617993878,-0.7853981634,0.3490658504,0,1
824,0,1.919862177,2.617993878,-0.7853981634,0.3490658504,-0.3490658504,1
825,0,1.919862177,2.617993878,-0.7853981634,0,-1.047197551,1
826,0,1.919862177,2.617993878,-0.7853981634,-0.3490658504,-1.047197551,1
827,0,1.919862177,2.617993878,-0.2617993878,-0.3490658504,-1.047197551,1
828,0,1.919862177,2.617993878,0,-0.3490658504,-1.047197551,1
829,0,1.919862177,2.617993878,0.2617993878,-0.3490658504,-1.047197551,1
830,0,1.919862177,2.617993878,0,0,-1.047197551,1
831,0,1.919862177,2.617993878,-0.2617993878,0,-1.047197551,1
832,0,1.919862177,2.617993878,-0.2617993878,0.3490658504,-1.047197551,1
833,0,1.919862177,2.617993878,0,0.3490658504,-1.047197551,1
834,0,1.919862177,2.617993878,0.2617993878,0.3490658504,-1.047197551,1
835,0,1.919862177,2.617993878,0.2617993878,0,-1.047197551,1
836,0,1.919862177,2.617993878,0.7853981634,-0.3490658504,-1.047197551,1
837,0,1.919862177,2.617993878,0.7853981634,0,-1.047197551,1
838,0,1.919862177,2.617993878,0.7853981634,0.3490658504,-1.047197551,1
839,0,2.617993878,1.919862177,0.2617993878,-0.3490658504,-1.047197551,1
840,0,2.617993878,1.919862177,0,-0.3490658504,-1.047197551,1
841,0,2.617993878,1.919862177,-0.2617993878,-0.3490658504,-1.047197551,1
842,0,2.617993878,1.919862177,-0.2617993878,0,-1.047197551,1
843,0,2.617993878,1.919862177,0,0,-1.047197551,1
844,0,2.617993878,1.919862177,0.2617993878,0,-1.047197551,1
845,0,2.617993878,1.919862177,0,0.3490658504,-1.047197551,1
846,0,2.617993878,1.919862177,-0.2617993878,0.3490658504,-1.047197551,1
847,0,2.617993878,1.919862177,0.2617993878,0.3490658504,-1.047197551,1
848,0,2.617993878,1.919862177,0.7853981634,0,-1.047197551,1
849,0,2.617993878,1.919862177,0.7853981634,-0.3490658504,-1.047197551,1
850,0,2.617993878,1.919862177,0.2617993878,-0.3490658504,-0.3490658504,1
851,0,2.617993878,1.919862177,0,-0.3490658504,-0.3490658504,1
852,0,2.617993878,1.919862177,-0.2617993878,-0.3490658504,-0.3490658504,1
853,0,2.617993878,1.919862177,-0.2617993878,-0.3490658504,0,1
854,0,2.617993878,1.919862177,0,-0.3490658504,0,1
855,0,2.617993878,1.919862177,0.2617993878,-0.3490658504,0,1
856,0,2.617993878,1.919862177,0,-0.3490658504,0.3490658504,1
857,0,2.617993878,1.919862177,-0.2617993878,-0.3490658504,0.3490658504,1
858,0,2.617993878,1.919862177,-0.2617993878,0,0,1
859,0,2.617993878,1.919862177,0,0,0,1
860,0,2.617993878,1.919862177,0.2617993878,0,0,1
861,0,2.617993878,1.919862177,0,0,-0.3490658504,1
862,0,2.617993878,1.919862177,-0.2617993878,0,-0.3490658504,1
863,0,2.617993878,1.919862177,-0.2617993878,0.3490658504,-0.3490658504,1
864,0,2.617993878,1.919862177,0,0.3490658504,-0.3490658504,1
865,0,2.617993878,1.919862177,0.2617993878,0.3490658504,-0.3490658504,1
866,0,2.617993878,1.919862177,0,0.3490658504,0,1
867,0,2.617993878,1.919862177,-0.2617993878,0.3490658504,0,1
868,0,2.617993878,1.919862177,-0.2617993878,0,0.3490658504,1
869,0,2.617993878,1.919862177,0,0,0.3490658504,1
870,0,2.617993878,1.919862177,0.2617993878,0,0.3490658504,1
871,0,2.617993878,1.919862177,0,0.3490658504,0.3490658504,1
872,0,2.617993878,1.919862177,-0.2617993878,0.3490658504,0.3490658504,1
873,0,2.617993878,1.919862177,0.2617993878,0.3490658504,0,1
874,0,2.617993878,1.919862177,0.2617993878,0,-0.3490658504,1
875,0,2.617993878,1.919862177,0.7853981634,-0.3490658504,-0.3490658504,1
876,0,2.617993878,1.919862177,0.7853981634,-0.3490658504,0,1
877,0,2.617993878,1.919862177,0.7853981634,-0.3490658504,0.3490658504,1
878,0,2.617993878,1.919862177,0.7853981634,0,0,1
879,0,2.617993878,1.919862177,0.7853981634,0,-0.3490658504,1
880,0,2.617993878,1.919862177,0.7853981634,0.3490658504,-0.3490658504,1
881,0,2.617993878,1.919862177,0.7853981634,0.3490658504,0,1
882,0,2.617993878,1.919862177,0.7853981634,0,0.3490658504,1
883,0,2.617993878,1.919862177,0.7853981634,0.3490658504,0.3490658504,1
884,0,2.617993878,1.919862177,0.2617993878,0.3490658504,0.3490658504,1
885,0,2.617993878,1.919862177,-0.2617993878,0,1.047197551,1
886,0,2.617993878,1.919862177,0,0,1.047197551,1
887,0,2.617993878,1.919862177,0.2617993878,0,1.047197551,1
888,0,2.617993878,1.919862177,0,-0.3490658504,1.047197551,1
889,0,2.617993878,1.919862177,-0.2617993878,-0.3490658504,1.047197551,1
890,0,2.617993878,1.919862177,0.2617993878,-0.3490658504,1.047197551,1
891,0,2.617993878,1.919862177,0.7853981634,-0.3490658504,1.047197551,1
892,0,2.617993878,1.919862177,0.7853981634,0,1.047197551,1
893,0,2.617993878,1.919862177,0.7853981634,0.3490658504,1.047197551,1
894,0,2.617993878,1.919862177,0.2617993878,0.3490658504,1.047197551,1
895,0,2.617993878,1.919862177,0,0.3490658504,1.047197551,1
896,0,2.617993878,1.919862177,-0.2617993878,0.3490658504,1.047197551,1
897,0,2.617993878,1.919862177,-0.7853981634,0,1.047197551,1
898,0,2.617993878,1.919862177,-0.7853981634,-0.3490658504,1.047197551,1
899,0,2.617993878,1.919862177,-0.7853981634,-0.3490658504,0.3490658504,1
900,0,2.617993878,1.919862177,-0.7853981634,-0.3490658504,0,1
901,0,2.617993878,1.919862177,-0.7853981634,-0.3490658504,-0.3490658504,1
902,0,2.617993878,1.919862177,-0.7853981634,0,-0.3490658504,1
903,0,2.617993878,1.919862177,-0.7853981634,0,0,1
904,0,2.617993878,1.919862177,-0.7853981634,0,0.3490658504,1
905,0,2.617993878,1.919862177,-0.7853981634,0.3490658504,0,1
906,0,2.617993878,1.919862177,-0.7853981634,0.3490658504,-0.3490658504,1
907,0,2.617993878,1.919862177,-0.7853981634,0,-1.047197551,1
908,0,2.617993878,1.919862177,-0.7853981634,-0.3490658504,-1.047197551,1
909,0,2.617993878,1.919862177,-0.7853981634,0.3490658504,-1.047197551,1
910,0,1.919862177,1.221730476,-0.7853981634,0.3490658504,-1.047197551,1
911,0,1.919862177,0.5235987756,-0.7853981634,-0.3490658504,-1.047197551,1
912,0,1.919862177,0.5235987756,-0.7853981634,0,-1.047197551,1
913,0,1.919862177,0.5235987756,-0.7853981634,0.3490658504,-1.047197551,1
914,0,1.919862177,0.5235987756,-0.7853981634,0,-0.3490658504,1
915,0,1.919862177,0.5235987756,-0.7853981634,-0.3490658504,-0.3490658504,1
916,0,1.919862177,0.5235987756,-0.7853981634,-0.3490658504,0,1
917,0,1.919862177,0.5235987756,-0.7853981634,-0.3490658504,0.3490658504,1
918,0,1.919862177,0.5235987756,-0.7853981634,0,0,1
919,0,1.919862177,0.5235987756,-0.7853981634,0,0.3490658504,1
920,0,1.919862177,0.5235987756,-0.7853981634,0.3490658504,0,1
921,0,1.919862177,0.5235987756,-0.7853981634,0.3490658504,-0.3490658504,1
922,0,1.919862177,0.5235987756,-0.7853981634,0.3490658504,0.3490658504,1
923,0,1.919862177,0.5235987756,-0.7853981634,0,1.047197551,1
924,0,1.919862177,0.5235987756,-0.7853981634,-0.3490658504,1.047197551,1
925,0,1.919862177,0.5235987756,-0.7853981634,0.3490658504,1.047197551,1
926,0,1.919862177,1.221730476,-0.7853981634,0.3490658504,1.047197551,1
927,0,1.221730476,0.5235987756,-0.7853981634,0.3490658504,0.3490658504,1
928,0,1.221730476,0.5235987756,-0.7853981634,0.3490658504,1.047197551,1
929,0,0.5235987756,0.5235987756,-0.7853981634,-0.3490658504,1.047197551,1
930,0,0.5235987756,0.5235987756,-0.7853981634,0,1.047197551,1
931,0,0.5235987756,0.5235987756,-0.7853981634,0.3490658504,1.047197551,1
932,0,0.5235987756,0.5235987756,-0.7853981634,0.3490658504,0.3490658504,1
933,0,0.5235987756,1.221730476,-0.7853981634,0.3490658504,0.3490658504,1
934,0,0.5235987756,1.221730476,-0.7853981634,0.3490658504,1.047197551,1
935,0,1.221730476,1.221730476,-0.7853981634,-0.3490658504,1.047197551,1
936,0,1.221730476,1.221730476,-0.7853981634,0,1.047197551,1
937,0,1.221730476,1.221730476,-0.7853981634,0.3490658504,1.047197551,1
938,0,1.221730476,1.221730476,-0.7853981634,0.3490658504,0.3490658504,1
939,0,0.5235987756,1.919862177,-0.7853981634,0.3490658504,1.047197551,1
940,0,1.221730476,1.919862177,-0.7853981634,0.3490658504,0.3490658504,1
941,0,1.221730476,1.919862177,-0.7853981634,0.3490658504,1.047197551,1
942,0,0.5235987756,2.617993878,-0.7853981634,0.3490658504,0.3490658504,1
943,0,0.5235987756,2.617993878,-0.7853981634,0.3490658504,1.047197551,1
944,0,1.221730476,2.617993878,-0.7853981634,-0.3490658504,1.047197551,1
945,0,1.221730476,2.617993878,-0.7853981634,0,1.047197551,1
946,0,1.221730476,2.617993878,-0.7853981634,0.3490658504,1.047197551,1
947,0,1.221730476,2.617993878,-0.7853981634,0.3490658504,0.3490658504,1
948,0,1.919862177,1.919862177,-0.7853981634,0.3490658504,1.047197551,1
949,0,1.919862177,2.617993878,-0.7853981634,0.3490658504,0.3490658504,1
950,0,1.919862177,2.617993878,-0.7853981634,0.3490658504,1.047197551,1
951,0,2.617993878,1.919862177,-0.7853981634,0.3490658504,0.3490658504,1
952,0,2.617993878,1.919862177,-0.7853981634,0.3490658504,1.047197551,1
953,0,2.617993878,1.221730476,-0.7853981634,-0.3490658504,0.3490658504,1
954,0,2.617993878,1.221730476,-0.7853981634,-0.3490658504,0,1
955,0,2.617993878,1.221730476,-0.7853981634,-0.3490658504,-0.3490658504,1
956,0,2.617993878,1.221730476,-0.7853981634,0,-0.3490658504,1
957,0,2.617993878,1.221730476,-0.7853981634,0,0,1
958,0,2.617993878,1.221730476,-0.7853981634,0,0.3490658504,1
959,0,2.617993878,1.221730476,-0.7853981634,0.3490658504,0,1
960,0,2.617993878,1.221730476,-0.7853981634,0.3490658504,-0.3490658504,1
961,0,2.617993878,1.221730476,-0.2617993878,0,-0.3490658504,1
962,0,2.617993878,1.221730476,0,0,-0.3490658504,1
963,0,2.617993878,1.221730476,0.2617993878,0,-0.3490658504,1
964,0,2.617993878,1.221730476,0,-0.3490658504,-0.3490658504,1
965,0,2.617993878,1.221730476,-0.2617993878,-0.3490658504,-0.3490658504,1
966,0,2.617993878,1.221730476,-0.2617993878,-0.3490658504,0,1
967,0,2.617993878,1.221730476,0,-0.3490658504,0,1
968,0,2.617993878,1.221730476,0.2617993878,-0.3490658504,0,1
969,0,2.617993878,1.221730476,0,-0.3490658504,0.3490658504,1
970,0,2.617993878,1.221730476,-0.2617993878,-0.3490658504,0.3490658504,1
971,0,2.617993878,1.221730476,-0.2617993878,0,0,1
972,0,2.617993878,1.221730476,0,0,0,1
973,0,2.617993878,1.221730476,0.2617993878,0,0,1
974,0,2.617993878,1.221730476,0,0,0.3490658504,1
975,0,2.617993878,1.221730476,-0.2617993878,0,0.3490658504,1
976,0,2.617993878,1.221730476,-0.2617993878,0.3490658504,0,1
977,0,2.617993878,1.221730476,0,0.3490658504,0,1
978,0,2.617993878,1.221730476,0.2617993878,0.3490658504,0,1
979,0,2.617993878,1.221730476,0,0.3490658504,-0.3490658504,1
980,0,2.617993878,1.221730476,-0.2617993878,0.3490658504,-0.3490658504,1
981,0,2.617993878,1.221730476,0.2617993878,0.3490658504,-0.3490658504,1
982,0,2.617993878,1.221730476,0.7853981634,0,-0.3490658504,1
983,0,2.617993878,1.221730476,0.7853981634,-0.3490658504,-0.3490658504,1
984,0,2.617993878,1.221730476,0.7853981634,-0.3490658504,0,1
985,0,2.617993878,1.221730476,0.7853981634,-0.3490658504,0.3490658504,1
986,0,2.617993878,1.221730476,0.7853981634,0,0,1
987,0,2.617993878,1.221730476,0.7853981634,0,0.3490658504,1
988,0,2.617993878,1.221730476,0.7853981634,0.3490658504,0,1
989,0,2.617993878,1.221730476,0.7853981634,0.3490658504,-0.3490658504,1
990,0,2.617993878,1.221730476,0.2617993878,0,-1.047197551,1
991,0,2.617993878,1.221730476,0,0,-1.047197551,1
992,0,2.617993878,1.221730476,-0.2617993878,0,-1.047197551,1
993,0,2.617993878,1.221730476,-0.2617993878,-0.3490658504,-1.047197551,1
994,0,2.617993878,1.221730476,0,-0.3490658504,-1.047197551,1
995,0,2.617993878,1.221730476,0.2617993878,-0.3490658504,-1.047197551,1
996,0,2.617993878,1.221730476,0.7853981634,-0.3490658504,-1.047197551,1
997,0,2.617993878,1.221730476,0.7853981634,0,-1.047197551,1
998,0,2.617993878,1.221730476,0.7853981634,0.3490658504,-1.047197551,1
999,0,2.617993878,1.221730476,0.2617993878,0.3490658504,-1.047197551,1
1000,0,2.617993878,1.221730476,0,0.3490658504,-1.047197551,1
1001,0,2.617993878,1.221730476,-0.2617993878,0.3490658504,-1.047197551,1
1002,0,2.617993878,1.221730476,-0.7853981634,0,-1.047197551,1
1003,0,2.617993878,1.221730476,-0.7853981634,-0.3490658504,-1.047197551,1
1004,0,2.617993878,0.5235987756,-0.7853981634,-0.3490658504,-1.047197551,1
1005,0,2.617993878,0.5235987756,-0.7853981634,0,-1.047197551,1
1006,0,2.617993878,0.5235987756,-0.7853981634,0.3490658504,-1.047197551,1
1007,0,2.617993878,0.5235987756,-0.2617993878,0,-1.047197551,1
1008,0,2.617993878,0.5235987756,0,0,-1.047197551,1
1009,0,2.617993878,0.5235987756,0.2617993878,0,-1.047197551,1
1010,0,2.617993878,0.5235987756,0,-0.3490658504,-1.047197551,1
1011,0,2.617993878,0.5235987756,-0.2617993878,-0.3490658504,-1.047197551,1
1012,0,2.617993878,0.5235987756,0.2617993878,-0.3490658504,-1.047197551,1
1013,0,2.617993878,0.5235987756,-0.2617993878,-0.3490658504,-0.3490658504,1
1014,0,2.617993878,0.5235987756,0,-0.3490658504,-0.3490658504,1
1015,0,2.617993878,0.5235987756,0.2617993878,-0.3490658504,-0.3490658504,1
1016,0,2.617993878,0.5235987756,0,-0.3490658504,0,1
1017,0,2.617993878,0.5235987756,-0.2617993878,-0.3490658504,0,1
1018,0,2.617993878,0.5235987756,-0.2617993878,-0.3490658504,0.3490658504,1
1019,0,2.617993878,0.5235987756,0,-0.3490658504,0.3490658504,1
1020,0,2.617993878,0.5235987756,0.2617993878,-0.3490658504,0.3490658504,1
1021,0,2.617993878,0.5235987756,0,0,0,1
1022,0,2.617993878,0.5235987756,-0.2617993878,0,0,1
1023,0,2.617993878,0.5235987756,-0.2617993878,0,-0.3490658504,1
1024,0,2.617993878,0.5235987756,0,0,-0.3490658504,1
1025,0,2.617993878,0.5235987756,0.2617993878,0,-0.3490658504,1
1026,0,2.617993878,0.5235987756,0,0.3490658504,-0.3490658504,1
1027,0,2.617993878,0.5235987756,-0.2617993878,0.3490658504,-0.3490658504,1
1028,0,2.617993878,0.5235987756,-0.2617993878,0.3490658504,0,1
1029,0,2.617993878,0.5235987756,0,0.3490658504,0,1
1030,0,2.617993878,0.5235987756,0.2617993878,0.3490658504,0,1
1031,0,2.617993878,0.5235987756,0,0,0.3490658504,1
1032,0,2.617993878,0.5235987756,-0.2617993878,0,0.3490658504,1
1033,0,2.617993878,0.5235987756,-0.2617993878,0.3490658504,0.3490658504,1
1034,0,2.617993878,0.5235987756,0,0.3490658504,0.3490658504,1
1035,0,2.617993878,0.5235987756,0.2617993878,0.3490658504,0.3490658504,1
1036,0,2.617993878,0.5235987756,0.2617993878,0,0,1
1037,0,2.617993878,0.5235987756,0.2617993878,-0.3490658504,0,1
1038,0,2.617993878,0.5235987756,0.2617993878,0,0.3490658504,1
1039,0,2.617993878,0.5235987756,-0.2617993878,-0.3490658504,1.047197551,1
1040,0,2.617993878,0.5235987756,0,-0.3490658504,1.047197551,1
1041,0,2.617993878,0.5235987756,0.2617993878,-0.3490658504,1.047197551,1
1042,0,2.617993878,0.5235987756,0,0,1.047197551,1
1043,0,2.617993878,0.5235987756,-0.2617993878,0,1.047197551,1
1044,0,2.617993878,0.5235987756,-0.2617993878,0.3490658504,1.047197551,1
1045,0,2.617993878,0.5235987756,0,0.3490658504,1.047197551,1
1046,0,2.617993878,0.5235987756,0.2617993878,0.3490658504,1.047197551,1
1047,0,2.617993878,0.5235987756,0.2617993878,0,1.047197551,1
1048,0,2.617993878,1.221730476,-0.2617993878,-0.3490658504,1.047197551,1
1049,0,2.617993878,1.221730476,0,-0.3490658504,1.047197551,1
1050,0,2.617993878,1.221730476,0.2617993878,-0.3490658504,1.047197551,1
1051,0,2.617993878,1.221730476,0,0,1.047197551,1
1052,0,2.617993878,1.221730476,-0.2617993878,0,1.047197551,1
1053,0,2.617993878,1.221730476,-0.2617993878,0.3490658504,1.047197551,1
1054,0,2.617993878,1.221730476,0,0.3490658504,1.047197551,1
1055,0,2.617993878,1.221730476,0.2617993878,0.3490658504,1.047197551,1
1056,0,2.617993878,1.221730476,0.2617993878,0,1.047197551,1
1057,0,2.617993878,1.221730476,0.7853981634,-0.3490658504,1.047197551,1
1058,0,2.617993878,1.221730476,0.7853981634,0,1.047197551,1
1059,0,2.617993878,1.221730476,0.7853981634,0.3490658504,1.047197551,1
1060,0,2.617993878,1.221730476,0.2617993878,0,0.3490658504,1
1061,0,2.617993878,1.221730476,0,0.3490658504,0.3490658504,1
1062,0,2.617993878,1.221730476,-0.2617993878,0.3490658504,0.3490658504,1
1063,0,2.617993878,1.221730476,0.2617993878,0.3490658504,0.3490658504,1
1064,0,2.617993878,1.221730476,0.7853981634,0.3490658504,0.3490658504,1
1065,0,2.617993878,0.5235987756,0.2617993878,0.3490658504,-0.3490658504,1
1066,0,2.617993878,0.5235987756,-0.2617993878,0.3490658504,-1.047197551,1
1067,0,2.617993878,0.5235987756,0,0.3490658504,-1.047197551,1
1068,0,2.617993878,0.5235987756,0.2617993878,0.3490658504,-1.047197551,1
1069,0,2.617993878,1.221730476,0.2617993878,-0.3490658504,-0.3490658504,1
1070,0,2.617993878,1.221730476,0.2617993878,-0.3490658504,0.3490658504,1
1071,0,2.617993878,1.919862177,0.2617993878,-0.3490658504,0.3490658504,1
1072,0,1.919862177,2.617993878,0.2617993878,-0.3490658504,0.3490658504,1
1073,0,2.617993878,2.617993878,-0.2617993878,-0.3490658504,-0.3490658504,1
1074,0,2.617993878,2.617993878,0,-0.3490658504,-0.3490658504,1
1075,0,2.617993878,2.617993878,0.2617993878,-0.3490658504,-0.3490658504,1
1076,0,2.617993878,2.617993878,0,-0.3490658504,0,1
1077,0,2.617993878,2.617993878,-0.2617993878,-0.3490658504,0,1
1078,0,2.617993878,2.617993878,-0.2617993878,-0.3490658504,0.3490658504,1
1079,0,2.617993878,2.617993878,0,-0.3490658504,0.3490658504,1
1080,0,2.617993878,2.617993878,0.2617993878,-0.3490658504,0.3490658504,1
1081,0,2.617993878,2.617993878,0,0,0,1
1082,0,2.617993878,2.617993878,-0.2617993878,0,0,1
1083,0,2.617993878,2.617993878,-0.2617993878,0,-0.3490658504,1
1084,0,2.617993878,2.617993878,0,0,-0.3490658504,1
1085,0,2.617993878,2.617993878,0.2617993878,0,-0.3490658504,1
1086,0,2.617993878,2.617993878,0,0.3490658504,-0.3490658504,1
1087,0,2.617993878,2.617993878,-0.2617993878,0.3490658504,-0.3490658504,1
1088,0,2.617993878,2.617993878,-0.2617993878,0.3490658504,0,1
1089,0,2.617993878,2.617993878,0,0.3490658504,0,1
1090,0,2.617993878,2.617993878,0.2617993878,0.3490658504,0,1
1091,0,2.617993878,2.617993878,0,0,0.3490658504,1
1092,0,2.617993878,2.617993878,-0.2617993878,0,0.3490658504,1
1093,0,2.617993878,2.617993878,-0.2617993878,0.3490658504,0.3490658504,1
1094,0,2.617993878,2.617993878,0,0.3490658504,0.3490658504,1
1095,0,2.617993878,2.617993878,0.2617993878,0.3490658504,0.3490658504,1
1096,0,2.617993878,2.617993878,0.2617993878,0,0,1
1097,0,2.617993878,2.617993878,0.2617993878,-0.3490658504,0,1
1098,0,2.617993878,2.617993878,0.2617993878,0,0.3490658504,1
1099,0,2.617993878,2.617993878,0.7853981634,-0.3490658504,0,1
1100,0,2.617993878,2.617993878,0.7853981634,-0.3490658504,-0.3490658504,1
1101,0,2.617993878,2.617993878,0.7853981634,0,-0.3490658504,1
1102,0,2.617993878,2.617993878,0.7853981634,0,0,1
1103,0,2.617993878,2.617993878,0.7853981634,-0.3490658504,0.3490658504,1
1104,0,2.617993878,2.617993878,0.7853981634,0,0.3490658504,1
1105,0,2.617993878,2.617993878,0.7853981634,0.3490658504,0,1
1106,0,2.617993878,2.617993878,0.7853981634,0.3490658504,-0.3490658504,1
1107,0,2.617993878,2.617993878,0.2617993878,0.3490658504,-0.3490658504,1
1108,0,2.617993878,2.617993878,-0.2617993878,0,-1.047197551,1
1109,0,2.617993878,2.617993878,0,0,-1.047197551,1
1110,0,2.617993878,2.617993878,0.2617993878,0,-1.047197551,1
1111,0,2.617993878,2.617993878,0,-0.3490658504,-1.047197551,1
1112,0,2.617993878,2.617993878,-0.2617993878,-0.3490658504,-1.047197551,1
1113,0,2.617993878,2.617993878,0.2617993878,-0.3490658504,-1.047197551,1
1114,0,2.617993878,2.617993878,0.7853981634,-0.3490658504,-1.047197551,1
1115,0,2.617993878,2.617993878,0.7853981634,0,-1.047197551,1
1116,0,2.617993878,2.617993878,0.7853981634,0.3490658504,-1.047197551,1
1117,0,2.617993878,2.617993878,0.2617993878,0.3490658504,-1.047197551,1
1118,0,2.617993878,2.617993878,0,0.3490658504,-1.047197551,1
1119,0,2.617993878,2.617993878,-0.2617993878,0.3490658504,-1.047197551,1
1120,0,2.617993878,2.617993878,-0.7853981634,0,-1.047197551,1
1121,0,2.617993878,2.617993878,-0.7853981634,-0.3490658504,-1.047197551,1
1122,0,2.617993878,2.617993878,-0.7853981634,-0.3490658504,-0.3490658504,1
1123,0,2.617993878,2.617993878,-0.7853981634,-0.3490658504,0,1
1124,0,2.617993878,2.617993878,-0.7853981634,-0.3490658504,0.3490658504,1
1125,0,2.617993878,2.617993878,-0.7853981634,0,0,1
1126,0,2.617993878,2.617993878,-0.7853981634,0,-0.3490658504,1
1127,0,2.617993878,2.617993878,-0.7853981634,0.3490658504,-0.3490658504,1
1128,0,2.617993878,2.617993878,-0.7853981634,0.3490658504,0,1
1129,0,2.617993878,2.617993878,-0.7853981634,0,0.3490658504,1
1130,0,2.617993878,2.617993878,-0.7853981634,0.3490658504,0.3490658504,1
1131,0,2.617993878,2.617993878,-0.7853981634,0,1.047197551,1
1132,0,2.617993878,2.617993878,-0.7853981634,-0.3490658504,1.047197551,1
1133,0,2.617993878,2.617993878,-0.2617993878,-0.3490658504,1.047197551,1
1134,0,2.617993878,2.617993878,0,-0.3490658504,1.047197551,1
1135,0,2.617993878,2.617993878,0.2617993878,-0.3490658504,1.047197551,1
1136,0,2.617993878,2.617993878,0,0,1.047197551,1
1137,0,2.617993878,2.617993878,-0.2617993878,0,1.047197551,1
1138,0,2.617993878,2.617993878,-0.2617993878,0.3490658504,1.047197551,1
1139,0,2.617993878,2.617993878,0,0.3490658504,1.047197551,1
1140,0,2.617993878,2.617993878,0.2617993878,0.3490658504,1.047197551,1
1141,0,2.617993878,2.617993878,0.2617993878,0,1.047197551,1
1142,0,2.617993878,2.617993878,0.7853981634,-0.3490658504,1.047197551,1
1143,0,2.617993878,2.617993878,0.7853981634,0,1.047197551,1
1144,0,2.617993878,2.617993878,0.7853981634,0.3490658504,1.047197551,1
1145,0,2.617993878,2.617993878,0.7853981634,0.3490658504,0.3490658504,1
1146,0,2.617993878,1.919862177,0.7853981634,0.3490658504,-1.047197551,1
1147,0,1.221730476,1.919862177,-0.7853981634,0.3490658504,-1.047197551,1
1148,0,0.5235987756,1.919862177,-0.7853981634,0.3490658504,-1.047197551,1
1149,0,1.919862177,1.919862177,-0.7853981634,0.3490658504,-1.047197551,1
1150,0,1.919862177,2.617993878,-0.7853981634,0.3490658504,-1.047197551,1
1151,0,2.617993878,2.617993878,-0.7853981634,0.3490658504,-1.047197551,1
1152,0,2.617993878,1.221730476,-0.7853981634,0.3490658504,-1.047197551,1
1153,0,2.617993878,0.5235987756,-0.7853981634,-0.3490658504,-0.3490658504,1
1154,0,2.617993878,0.5235987756,-0.7853981634,-0.3490658504,0,1
1155,0,2.617993878,0.5235987756,-0.7853981634,-0.3490658504,0.3490658504,1
1156,0,2.617993878,0.5235987756,-0.7853981634,0,0,1
1157,0,2.617993878,0.5235987756,-0.7853981634,0,-0.3490658504,1
1158,0,2.617993878,0.5235987756,-0.7853981634,0.3490658504,-0.3490658504,1
1159,0,2.617993878,0.5235987756,-0.7853981634,0.3490658504,0,1
1160,0,2.617993878,0.5235987756,-0.7853981634,0,0.3490658504,1
1161,0,2.617993878,0.5235987756,-0.7853981634,0.3490658504,0.3490658504,1
1162,0,2.617993878,0.5235987756,-0.7853981634,0,1.047197551,1
1163,0,2.617993878,0.5235987756,-0.7853981634,-0.3490658504,1.047197551,1
1164,0,2.617993878,0.5235987756,-0.7853981634,0.3490658504,1.047197551,1
1165,0,2.617993878,1.221730476,-0.7853981634,-0.3490658504,1.047197551,1
1166,0,2.617993878,1.221730476,-0.7853981634,0,1.047197551,1
1167,0,2.617993878,1.221730476,-0.7853981634,0.3490658504,1.047197551,1
1168,0,2.617993878,1.221730476,-0.7853981634,0.3490658504,0.3490658504,1
1169,0,2.617993878,2.617993878,-0.7853981634,0.3490658504,1.047197551,1
