run_id,run_index,sample_id,host_time_s,device_time,seq,errors,target_q1_rad,target_q2_rad,target_q3_rad,target_q4_rad,target_q5_rad,target_q6_rad,q1_rad,q2_rad,q3_rad,q4_rad,q5_rad,q6_rad,dq1_rad_s,dq2_rad_s,dq3_rad_s,dq4_rad_s,dq5_rad_s,dq6_rad_s,tau1_nm,tau2_nm,tau3_nm,tau4_nm,tau5_nm,tau6_nm,kp1,kp2,kp3,kp4,kp5,kp6,kd1,kd2,kd3,kd4,kd5,kd6
20260829T005451,1,226,1787936102.7508383,8252254.3437215,4535546,0,1.0706110000610352,1.221730476,1.221730476,0.2617993878,0.3490658504,-1.047197551,1.0706110000610352,1.3017854690551758,1.0877771377563477,0.2958345413208008,0.3439006805419922,-1.0423822402954102,-0.0073261260986328125,-0.0024423599243164062,-0.0024423599243164062,-0.0073261260986328125,-0.0073261260986328125,-0.0073261260986328125,-0.012209892272949219,-4.834188461303711,7.9931640625,-1.7460317611694336,0.1831502914428711,-0.10500621795654297,30.0,60.0,60.0,50.0,40.0,18.0,1.600000023841858,2.0,1.7000000476837158,1.399999976158142,1.100000023841858,1.2000000476837158
20260829T005451,2,219,1787936106.8891413,8256395.296523,4537617,0,1.0706110000610352,1.221730476,1.221730476,0.2617993878,0.0,-1.047197551,1.0706110000610352,1.2846193313598633,1.096170425415039,0.2954530715942383,-0.00057220458984375,-1.0427637100219727,-0.0073261260986328125,-0.0024423599243164062,-0.0024423599243164062,-0.0073261260986328125,-0.0073261260986328125,-0.0073261260986328125,-0.012209892272949219,-3.8085460662841797,7.487178802490234,-1.7264957427978516,-0.012209892272949219,-0.10012245178222656,30.0,60.0,60.0,50.0,40.0,18.0,1.600000023841858,2.0,1.7000000476837158,1.399999976158142,1.100000023841858,1.2000000476837158
20260829T005451,3,222,1787936111.3634222,8260870.746112499,4539854,0,1.0706110000610352,1.221730476,1.221730476,0.2617993878,-0.3490658504,-1.047197551,1.0706110000610352,1.2956819534301758,1.093881607055664,0.2954530715942383,-0.3446636199951172,-1.0427637100219727,-0.0073261260986328125,-0.0024423599243164062,-0.0024423599243164062,-0.0073261260986328125,-0.0073261260986328125,-0.0073261260986328125,-0.0073261260986328125,-4.464958190917969,7.623931884765625,-1.7167272567749023,-0.20268630981445312,-0.09523773193359375,30.0,60.0,60.0,50.0,40.0,18.0,1.600000023841858,2.0,1.7000000476837158,1.399999976158142,1.100000023841858,1.2000000476837158
20260829T005451,4,217,1787936115.5961022,8265103.1533555,4541970,0,1.0706110000610352,1.221730476,1.221730476,-0.2617993878,0.0,-1.047197551,1.0706110000610352,1.2914857864379883,1.0996036529541016,-0.22716903686523438,-0.00247955322265625,-1.0427637100219727,-0.0073261260986328125,-0.0024423599243164062,-0.0024423599243164062,-0.0073261260986328125,-0.0073261260986328125,-0.0073261260986328125,-0.0073261260986328125,-4.205127716064453,7.25469970703125,-1.7606840133666992,0.07081794738769531,-0.09523773193359375,30.0,60.0,60.0,50.0,40.0,18.0,1.600000023841858,2.0,1.7000000476837158,1.399999976158142,1.100000023841858,1.2000000476837158
20260829T005451,5,221,1787936119.6202106,8269126.137133,4543982,0,1.0706110000610352,1.221730476,1.221730476,-0.2617993878,-0.3490658504,-1.047197551,1.0706110000610352,1.2911043167114258,1.0893030166625977,-0.22793197631835938,-0.3484783172607422,-1.0427637100219727,-0.0073261260986328125,-0.0024423599243164062,-0.0024423599243164062,-0.0073261260986328125,-0.0073261260986328125,-0.0073261260986328125,-0.012209892272949219,-4.19145393371582,7.911109924316406,-1.7216119766235352,-0.05616569519042969,-0.09523773193359375,30.0,60.0,60.0,50.0,40.0,18.0,1.600000023841858,2.0,1.7000000476837158,1.399999976158142,1.100000023841858,1.2000000476837158
20260829T005451,6,214,1787936123.6443741,8273150.59061,4545994,0,1.0706110000610352,1.221730476,1.221730476,-0.7853981634,-0.3490658504,-1.047197551,1.0706110000610352,1.2846193313598633,1.107614517211914,-0.7593269348144531,-0.3522930145263672,-1.0427637100219727,-0.0073261260986328125,-0.0024423599243164062,-0.0024423599243164062,-0.0073261260986328125,-0.0073261260986328125,-0.0073261260986328125,-0.012209892272949219,-3.794872283935547,6.830768585205078,-1.335775375366211,0.10012245178222656,-0.09523773193359375,30.0,60.0,60.0,50.0,40.0,18.0,1.600000023841858,2.0,1.7000000476837158,1.399999976158142,1.100000023841858,1.2000000476837158
20260829T005451,7,215,1787936127.666965,8277172.751696,4548005,0,1.0706110000610352,1.221730476,1.221730476,-0.7853981634,0.0,-1.047197551,1.0706110000610352,1.2891969680786133,1.0893030166625977,-0.7589454650878906,-0.00286102294921875,-1.0427637100219727,-0.0073261260986328125,-0.0024423599243164062,-0.0024423599243164062,-0.0073261260986328125,-0.0073261260986328125,-0.0073261260986328125,-0.012209892272949219,-4.082052230834961,7.924785614013672,-1.3650789260864258,0.08058643341064453,-0.09523773193359375,30.0,60.0,60.0,50.0,40.0,18.0,1.600000023841858,2.0,1.7000000476837158,1.399999976158142,1.100000023841858,1.2000000476837158
20260829T005451,8,216,1787936131.6892977,8281195.504221,4550016,0,1.0706110000610352,1.221730476,1.221730476,-0.7853981634,0.3490658504,-1.047197551,1.0706110000610352,1.2842378616333008,1.0931177139282227,-0.7589454650878906,0.3492412567138672,-1.0427637100219727,-0.0073261260986328125,-0.0024423599243164062,-0.0024423599243164062,-0.0073261260986328125,-0.0073261260986328125,-0.0073261260986328125,-0.012209892272949219,-3.7811965942382812,7.664958953857422,-1.3504276275634766,-0.04151439666748047,-0.09523773193359375,30.0,60.0,60.0,50.0,40.0,18.0,1.600000023841858,2.0,1.7000000476837158,1.399999976158142,1.100000023841858,1.2000000476837158
20260829T005451,9,228,1787936135.7095883,8285216.327992501,4552026,0,1.0706110000610352,1.221730476,1.221730476,-0.2617993878,0.3490658504,-1.047197551,1.0706110000610352,1.3151369094848633,1.0706110000610352,-0.22678756713867188,0.3484783172607422,-1.0431451797485352,-0.0073261260986328125,-0.0024423599243164062,-0.0024423599243164062,-0.0073261260986328125,-0.0073261260986328125,-0.0073261260986328125,-0.012209892272949219,-5.641025543212891,9.018802642822266,-1.7753353118896484,-0.0073261260986328125,-0.09523773193359375,30.0,60.0,60.0,50.0,40.0,18.0,1.600000023841858,2.0,1.7000000476837158,1.399999976158142,1.100000023841858,1.2000000476837158
20260829T005451,10,256,1787936139.7256172,8289231.908908,4554034,0,1.0706110000610352,1.221730476,1.221730476,-0.2617993878,0.3490658504,-0.3490658504,1.0706110000610352,1.2903413772583008,1.0900659561157227,-0.22716903686523438,0.3484783172607422,-0.3561077117919922,-0.0073261260986328125,-0.0024423599243164062,-0.0024423599243164062,-0.0073261260986328125,-0.0073261260986328125,-0.0073261260986328125,-0.0073261260986328125,-4.150426864624023,7.856410980224609,-1.7606840133666992,-0.0073261260986328125,0.10500621795654297,30.0,60.0,60.0,50.0,40.0,18.0,1.600000023841858,2.0,1.7000000476837158,1.399999976158142,1.100000023841858,1.2000000476837158
20260829T005451,11,247,1787936143.7376304,8293245.0346719995,4556040,0,1.0706110000610352,1.221730476,1.221730476,-0.2617993878,0.0,0.0,1.0706110000610352,1.2956819534301758,1.0885400772094727,-0.22678756713867188,-0.00057220458984375,-0.01163482666015625,-0.0073261260986328125,-0.0024423599243164062,-0.0024423599243164062,-0.0073261260986328125,-0.0073261260986328125,-0.0073261260986328125,-0.0073261260986328125,-4.451282501220703,7.9384613037109375,-1.770451545715332,-0.0024423599243164062,0.1880340576171875,30.0,60.0,60.0,50.0,40.0,18.0,1.600000023841858,2.0,1.7000000476837158,1.399999976158142,1.100000023841858,1.2000000476837158
20260829T005451,12,241,1787936147.7527883,8297257.997607,4558047,0,1.0706110000610352,1.221730476,1.221730476,-0.2617993878,-0.3490658504,-0.3490658504,1.0706110000610352,1.2918672561645508,1.0900659561157227,-0.22716903686523438,-0.3484783172607422,-0.3397035598754883,-0.0073261260986328125,-0.0024423599243164062,-0.0024423599243164062,-0.0073261260986328125,-0.0073261260986328125,-0.0073261260986328125,-0.012209892272949219,-4.24615478515625,7.829059600830078,-1.75091552734375,-0.05616569519042969,-0.1929178237915039,30.0,60.0,60.0,50.0,40.0,18.0,1.600000023841858,2.0,1.7000000476837158,1.399999976158142,1.100000023841858,1.2000000476837158
20260829T005451,13,249,1787936151.7764354,8301282.350994,4560059,0,1.0706110000610352,1.221730476,1.221730476,0.2617993878,0.0,0.0,1.0706110000610352,1.3048372268676758,1.0797662734985352,0.2962160110473633,-0.00247955322265625,-0.01125335693359375,-0.0073261260986328125,-0.0024423599243164062,-0.0024423599243164062,-0.0073261260986328125,-0.0073261260986328125,-0.0073261260986328125,-0.0073261260986328125,-5.011966705322266,8.471794128417969,-1.7557992935180664,0.0659341812133789,0.1831502914428711,30.0,60.0,60.0,50.0,40.0,18.0,1.600000023841858,2.0,1.7000000476837158,1.399999976158142,1.100000023841858,1.2000000476837158
20260829T005451,14,244,1787936155.8025587,8305308.963166,4562072,0,1.0706110000610352,1.221730476,1.221730476,0.2617993878,-0.3490658504,0.0,1.0706110000610352,1.2918672561645508,1.096933364868164,0.2958345413208008,-0.3446636199951172,-0.01087188720703125,-0.0073261260986328125,-0.0024423599243164062,-0.0024423599243164062,-0.0073261260986328125,-0.0073261260986328125,-0.0073261260986328125,-0.0073261260986328125,-4.232479095458984,7.446155548095703,-1.7411479949951172,-0.19780254364013672,0.17338180541992188,30.0,60.0,60.0,50.0,40.0,18.0,1.600000023841858,2.0,1.7000000476837158,1.399999976158142,1.100000023841858,1.2000000476837158
20260829T005451,15,246,1787936159.8248096,8309331.9936655,4564083,0,1.0706110000610352,1.221730476,1.221730476,-0.2617993878,-0.3490658504,0.3490658504,1.0706110000610352,1.2907228469848633,1.0996036529541016,-0.22793197631835938,-0.3484783172607422,0.3435182571411133,-0.0073261260986328125,-0.0024423599243164062,-0.0024423599243164062,-0.0073261260986328125,-0.0073261260986328125,-0.0073261260986328125,-0.0073261260986328125,-4.164102554321289,7.268375396728516,-1.7216119766235352,-0.05128192901611328,0.08058643341064453,30.0,60.0,60.0,50.0,40.0,18.0,1.600000023841858,2.0,1.7000000476837158,1.399999976158142,1.100000023841858,1.2000000476837158
20260829T005451,16,233,1787936163.849211,8313355.378923,4566095,0,1.0706110000610352,1.221730476,1.221730476,-0.7853981634,0.0,0.0,1.0706110000610352,1.2846193313598633,1.106088638305664,-0.7589454650878906,-0.00247955322265625,0.00514984130859375,-0.0073261260986328125,-0.0024423599243164062,-0.0024423599243164062,-0.0073261260986328125,-0.0073261260986328125,-0.0073261260986328125,-0.0073261260986328125,-3.794872283935547,6.912818908691406,-1.355311393737793,0.07570171356201172,-0.11477375030517578,30.0,60.0,60.0,50.0,40.0,18.0,1.600000023841858,2.0,1.7000000476837158,1.399999976158142,1.100000023841858,1.2000000476837158
20260829T005451,17,231,1787936167.869048,8317376.565914,4568105,0,1.0706110000610352,1.221730476,1.221730476,-0.7853981634,-0.3490658504,0.0,1.0706110000610352,1.2834749221801758,1.0904474258422852,-0.7593269348144531,-0.3522930145263672,0.00514984130859375,-0.0073261260986328125,-0.0024423599243164062,-0.0024423599243164062,-0.0073261260986328125,-0.0073261260986328125,-0.0073261260986328125,-0.0073261260986328125,-3.740171432495117,7.829059600830078,-1.3406591415405273,0.09523773193359375,-0.10988998413085938,30.0,60.0,60.0,50.0,40.0,18.0,1.600000023841858,2.0,1.7000000476837158,1.399999976158142,1.100000023841858,1.2000000476837158
20260829T005451,18,235,1787936171.881869,8321388.90099,4570111,0,1.0706110000610352,1.221730476,1.221730476,-0.7853981634,0.3490658504,0.0,1.0698480606079102,1.2842378616333008,1.0900659561157227,-0.7589454650878906,0.3492412567138672,0.00476837158203125,-0.0073261260986328125,-0.0024423599243164062,-0.0024423599243164062,-0.0073261260986328125,-0.0073261260986328125,-0.0073261260986328125,-0.0024423599243164062,-3.794872283935547,7.856410980224609,-1.3504276275634766,-0.04151439666748047,-0.10988998413085938,30.0,60.0,60.0,50.0,40.0,18.0,1.600000023841858,2.0,1.7000000476837158,1.399999976158142,1.100000023841858,1.2000000476837158
20260829T005451,19,282,1787936175.9059207,8325412.308834,4572123,0,1.0706110000610352,1.221730476,1.221730476,-0.2617993878,0.3490658504,0.3490658504,1.0698480606079102,1.3132295608520508,1.0721368789672852,-0.22678756713867188,0.3484783172607422,0.3435182571411133,-0.0073261260986328125,-0.0024423599243164062,-0.0024423599243164062,-0.0073261260986328125,-0.0073261260986328125,-0.0073261260986328125,-0.0024423599243164062,-5.517948150634766,8.936752319335938,-1.7753353118896484,-0.0073261260986328125,0.07570171356201172,30.0,60.0,60.0,50.0,40.0,18.0,1.600000023841858,2.0,1.7000000476837158,1.399999976158142,1.100000023841858,1.2000000476837158
20260829T005451,20,254,1787936179.9282503,8329434.619345,4574134,0,1.0706110000610352,1.221730476,1.221730476,0.2617993878,0.3490658504,0.0,1.0698480606079102,1.2937746047973633,1.0847253799438477,0.2962160110473633,0.3446636199951172,0.00514984130859375,-0.0073261260986328125,-0.0024423599243164062,-0.0024423599243164062,-0.0073261260986328125,-0.0073261260986328125,-0.0073261260986328125,-0.0024423599243164062,-4.355556488037109,8.184616088867188,-1.75091552734375,0.13919448852539062,-0.10988998413085938,30.0,60.0,60.0,50.0,40.0,18.0,1.600000023841858,2.0,1.7000000476837158,1.399999976158142,1.100000023841858,1.2000000476837158
20260829T005451,21,704,1787936183.9526014,8333458.582647,4576146,0,1.0706110000610352,1.919862177,1.919862177,-0.2617993878,0.0,0.0,1.0713739395141602,2.154001235961914,1.8080034255981445,-0.22488021850585938,-0.00057220458984375,0.00476837158203125,-0.0073261260986328125,-0.0024423599243164062,-0.0024423599243164062,-0.0073261260986328125,-0.0073261260986328125,-0.0073261260986328125,-0.017093658447265625,-12.05470085144043,6.652992248535156,-1.8730154037475586,-0.0024423599243164062,-0.10988998413085938,30.0,60.0,60.0,50.0,40.0,18.0,1.600000023841858,2.0,1.7000000476837158,1.399999976158142,1.100000023841858,1.2000000476837158
20260829T005451,22,710,1787936187.974462,8337481.209948,4578157,0,1.0706110000610352,1.919862177,1.919862177,-0.2617993878,0.3490658504,0.0,1.0717554092407227,3.095865249633789,1.8232622146606445,-0.23632431030273438,0.3408479690551758,0.00476837158203125,-0.0073261260986328125,-0.0024423599243164062,-0.0024423599243164062,-0.0073261260986328125,-0.0073261260986328125,-0.0073261260986328125,-0.017093658447265625,-12.04102611541748,5.736751556396484,-1.3064708709716797,0.3052501678466797,-0.10988998413085938,30.0,60.0,60.0,50.0,40.0,18.0,1.600000023841858,2.0,1.7000000476837158,1.399999976158142,1.100000023841858,1.2000000476837158
20260829T005451,35,270,1787936240.2259562,8389733.315855999,4604281,0,1.0706110000610352,1.221730476,1.221730476,0.2617993878,-0.3490658504,1.047197551,1.0763330459594727,3.0161361694335938,1.2266349792480469,0.2500572204589844,-0.3416109085083008,1.0393304824829102,-0.0073261260986328125,-0.0024423599243164062,-0.0024423599243164062,-0.0073261260986328125,-0.0073261260986328125,-0.0073261260986328125,-0.07081794738769531,-12.027350425720215,-0.33504295349121094,0.5494508743286133,-0.3296699523925781,0.1196584701538086,30.0,60.0,60.0,50.0,40.0,18.0,1.600000023841858,2.0,1.7000000476837158,1.399999976158142,1.100000023841858,1.2000000476837158
20260829T005451,36,276,1787936244.240402,8393746.786129,4606288,0,1.0706110000610352,1.221730476,1.221730476,0.2617993878,0.0,1.047197551,1.0763330459594727,3.0161361694335938,1.2220573425292969,0.24738693237304688,-0.00247955322265625,1.0393304824829102,-0.0073261260986328125,-0.0024423599243164062,-0.0024423599243164062,-0.0073261260986328125,-0.0073261260986328125,-0.0073261260986328125,-0.07081794738769531,-12.04102611541748,-0.047863006591796875,0.6813182830810547,0.0659341812133789,0.1196584701538086,30.0,60.0,60.0,50.0,40.0,18.0,1.600000023841858,2.0,1.7000000476837158,1.399999976158142,1.100000023841858,1.2000000476837158
20260829T005451,37,275,1787936248.2626789,8397768.943182,4608299,0,1.0706110000610352,1.221730476,1.221730476,0.2617993878,0.3490658504,1.047197551,1.0763330459594727,3.0104141235351562,1.2190055847167969,0.24776840209960938,0.3404664993286133,1.0393304824829102,-0.0073261260986328125,-0.0024423599243164062,-0.0024423599243164062,-0.0073261260986328125,-0.0073261260986328125,-0.0073261260986328125,-0.07081794738769531,-12.027350425720215,0.1299152374267578,0.6666669845581055,0.3199024200439453,0.1196584701538086,30.0,60.0,60.0,50.0,40.0,18.0,1.600000023841858,2.0,1.7000000476837158,1.399999976158142,1.100000023841858,1.2000000476837158
20260829T005451,38,272,1787936252.2764883,8401782.848735,4610306,0,1.0706110000610352,1.221730476,1.221730476,-0.2617993878,0.0,1.047197551,1.0763330459594727,3.0161361694335938,1.213282585144043,-0.2546348571777344,0.00247955322265625,1.0393304824829102,-0.0073261260986328125,-0.0024423599243164062,-0.0024423599243164062,-0.0073261260986328125,-0.0073261260986328125,-0.0073261260986328125,-0.0659341812133789,-12.04102611541748,0.45812034606933594,-0.39316272735595703,-0.1294260025024414,0.1196584701538086,30.0,60.0,60.0,50.0,40.0,18.0,1.600000023841858,2.0,1.7000000476837158,1.399999976158142,1.100000023841858,1.2000000476837158
20260829T005451,39,268,1787936256.2991345,8405805.428412,4612317,0,1.0706110000610352,1.221730476,1.221730476,-0.2617993878,-0.3490658504,1.047197551,1.0763330459594727,3.0287246704101562,1.201075553894043,-0.2546348571777344,-0.3412294387817383,1.0393304824829102,-0.0073261260986328125,-0.0024423599243164062,-0.0024423599243164062,-0.0073261260986328125,-0.0073261260986328125,-0.0073261260986328125,-0.07081794738769531,-12.04102611541748,1.1965808868408203,-0.3882780075073242,-0.34432220458984375,0.1196584701538086,30.0,60.0,60.0,50.0,40.0,18.0,1.600000023841858,2.0,1.7000000476837158,1.399999976158142,1.100000023841858,1.2000000476837158
20260829T005451,40,935,1787936260.319556,8409826.667895,4614327,0,1.0706110000610352,1.221730476,1.221730476,-0.7853981634,-0.3490658504,1.047197551,1.0763330459594727,3.042840003967285,1.201075553894043,-0.7627601623535156,-0.3416109085083008,1.0393304824829102,-0.0073261260986328125,-0.0024423599243164062,-0.0024423599243164062,-0.0073261260986328125,-0.0073261260986328125,-0.0073261260986328125,-0.0659341812133789,-12.027350425720215,1.210256576538086,-1.164834976196289,-0.3296699523925781,0.1196584701538086,30.0,60.0,60.0,50.0,40.0,18.0,1.600000023841858,2.0,1.7000000476837158,1.399999976158142,1.100000023841858,1.2000000476837158
20260829T005451,41,936,1787936264.339569,8413846.779862002,4616337,0,1.0706110000610352,1.221730476,1.221730476,-0.7853981634,0.0,1.047197551,1.0770959854125977,3.0539026260375977,1.191920280456543,-0.7604713439941406,-0.00247955322265625,1.0393304824829102,-0.0073261260986328125,-0.0024423599243164062,-0.0024423599243164062,-0.0073261260986328125,-0.0073261260986328125,-0.0073261260986328125,-0.08058643341064453,-12.04102611541748,1.7572650909423828,-1.2722835540771484,0.0659341812133789,0.11477375030517578,30.0,60.0,60.0,50.0,40.0,18.0,1.600000023841858,2.0,1.7000000476837158,1.399999976158142,1.100000023841858,1.2000000476837158
20260829T005451,42,937,1787936268.3520522,8417859.2724495,4618343,0,1.0706110000610352,1.221730476,1.221730476,-0.7853981634,0.3490658504,1.047197551,1.0770959854125977,3.06496524810791,1.1938276290893555,-0.7627601623535156,0.3404664993286133,1.0393304824829102,-0.0073261260986328125,-0.0024423599243164062,-0.0024423599243164062,-0.0073261260986328125,-0.0073261260986328125,-0.0073261260986328125,-0.08058643341064453,-12.04102611541748,1.6205120086669922,-1.164834976196289,0.3199024200439453,0.1196584701538086,30.0,60.0,60.0,50.0,40.0,18.0,1.600000023841858,2.0,1.7000000476837158,1.399999976158142,1.100000023841858,1.2000000476837158
20260829T005451,43,273,1787936272.3638792,8421870.618439,4620349,0,1.0706110000610352,1.221730476,1.221730476,-0.2617993878,0.3490658504,1.047197551,1.0770959854125977,3.0706872940063477,1.2090864181518555,-0.2569236755371094,0.3400850296020508,1.0393304824829102,-0.0073261260986328125,-0.0024423599243164062,-0.0024423599243164062,-0.0073261260986328125,-0.0073261260986328125,-0.0073261260986328125,-0.08058643341064453,-12.027350425720215,0.7316246032714844,-0.27594661712646484,0.3247861862182617,0.1196584701538086,30.0,60.0,60.0,50.0,40.0,18.0,1.600000023841858,2.0,1.7000000476837158,1.399999976158142,1.100000023841858,1.2000000476837158
20260829T005451,44,515,1787936276.3884742,8425894.812889,4622361,0,1.0706110000610352,1.221730476,1.919862177,0.0,0.0,1.047197551,1.0770959854125977,3.0859460830688477,1.8472957611083984,0.01659393310546875,0.00247955322265625,1.0393304824829102,-0.0073261260986328125,-0.0024423599243164062,-0.0024423599243164062,-0.0073261260986328125,-0.0073261260986328125,-0.0073261260986328125,-0.07570171356201172,-12.04102611541748,4.287178039550781,-0.857142448425293,-0.1343097686767578,0.1196584701538086,30.0,60.0,60.0,50.0,40.0,18.0,1.600000023841858,2.0,1.7000000476837158,1.399999976158142,1.100000023841858,1.2000000476837158
20260829T013432,1,274,1787938482.4406073,10631927.045789,19501,0,0.9725723266601562,1.221730476,1.221730476,0.0,0.3490658504,1.047197551,0.9752426147460938,1.2640190124511719,1.0957889556884766,0.034905433654785156,0.3450450897216797,1.0526819229125977,-0.0073261260986328125,-0.0024423599243164062,-0.0024423599243164062,-0.0073261260986328125,-0.0073261260986328125,-0.0073261260986328125,-0.036629676818847656,-4.259828567504883,7.528205871582031,-1.7753353118896484,0.13919448852539062,-0.11477375030517578,30.0,100.0,60.0,50.0,40.0,18.0,1.600000023841858,2.0,1.7000000476837158,1.399999976158142,1.100000023841858,1.2000000476837158
20260829T013432,2,271,1787938486.45589,10635961.907998,21518,0,0.9725723266601562,1.221730476,1.221730476,0.0,0.0,1.047197551,0.9744796752929688,1.2632560729980469,1.101511001586914,0.034905433654785156,-0.00057220458984375,1.0523004531860352,-0.0073261260986328125,-0.0024423599243164062,-0.0024423599243164062,-0.0073261260986328125,-0.0073261260986328125,-0.0073261260986328125,-0.026862144470214844,-4.19145393371582,7.158973693847656,-1.7802200317382812,-0.0073261260986328125,-0.11477375030517578,30.0,100.0,60.0,50.0,40.0,18.0,1.600000023841858,2.0,1.7000000476837158,1.399999976158142,1.100000023841858,1.2000000476837158
20260829T013432,3,269,1787938490.4796164,10639985.517042,23530,0,0.9725723266601562,1.221730476,1.221730476,0.0,-0.3490658504,1.047197551,0.9744796752929688,1.2594413757324219,1.1003665924072266,0.034523963928222656,-0.3454265594482422,1.0523004531860352,-0.0073261260986328125,-0.0024423599243164062,-0.0024423599243164062,-0.0073261260986328125,-0.0073261260986328125,-0.0073261260986328125,-0.026862144470214844,-3.8222217559814453,7.200000762939453,-1.7557992935180664,-0.17338180541992188,-0.11477375030517578,30.0,100.0,60.0,50.0,40.0,18.0,1.600000023841858,2.0,1.7000000476837158,1.399999976158142,1.100000023841858,1.2000000476837158
20260829T013432,4,405,1787938494.5017927,10644008.668321,25541,0,0.9725723266601562,1.221730476,1.221730476,0.2617993878,-0.3490658504,0.3490658504,0.9744796752929688,1.2632560729980469,1.0934991836547852,0.2962160110473633,-0.3446636199951172,0.3564891815185547,-0.0073261260986328125,-0.0024423599243164062,-0.0024423599243164062,-0.0073261260986328125,-0.0073261260986328125,-0.0073261260986328125,-0.026862144470214844,-4.19145393371582,7.637607574462891,-1.7557992935180664,-0.19780254364013672,-0.15384578704833984,30.0,100.0,60.0,50.0,40.0,18.0,1.600000023841858,2.0,1.7000000476837158,1.399999976158142,1.100000023841858,1.2000000476837158
20260829T013432,5,280,1787938498.5279315,10648034.051465,27554,0,0.9725723266601562,1.221730476,1.221730476,0.2617993878,0.0,0.3490658504,0.9744796752929688,1.2628746032714844,1.097696304321289,0.2965974807739258,-0.00247955322265625,0.3530559539794922,-0.0073261260986328125,-0.0024423599243164062,-0.0024423599243164062,-0.0073261260986328125,-0.0073261260986328125,-0.0073261260986328125,-0.026862144470214844,-4.177778244018555,7.391452789306641,-1.770451545715332,0.07081794738769531,-0.09523773193359375,30.0,100.0,60.0,50.0,40.0,18.0,1.600000023841858,2.0,1.7000000476837158,1.399999976158142,1.100000023841858,1.2000000476837158
20260829T013432,6,253,1787938502.5499184,10652057.1524515,29565,0,0.9725723266601562,1.221730476,1.221730476,0.0,0.3490658504,0.0,0.9744796752929688,1.2605857849121094,1.1041812896728516,0.034523963928222656,0.3450450897216797,0.00514984130859375,-0.0073261260986328125,-0.0024423599243164062,-0.0024423599243164062,-0.0073261260986328125,-0.0073261260986328125,-0.0073261260986328125,-0.026862144470214844,-3.9111108779907227,7.022220611572266,-1.7557992935180664,0.1294260025024414,-0.11477375030517578,30.0,100.0,60.0,50.0,40.0,18.0,1.600000023841858,2.0,1.7000000476837158,1.399999976158142,1.100000023841858,1.2000000476837158
20260829T013432,7,237,1787938506.5701892,10656077.551289499,31575,0,0.9725723266601562,1.221730476,1.221730476,-0.2617993878,0.0,-0.3490658504,0.9744796752929688,1.2621116638183594,1.1049442291259766,-0.22755050659179688,-0.00057220458984375,-0.3393220901489258,-0.0073261260986328125,-0.0024423599243164062,-0.0024423599243164062,-0.0073261260986328125,-0.0073261260986328125,-0.0073261260986328125,-0.026862144470214844,-4.095726013183594,6.981197357177734,-1.7362632751464844,-0.0024423599243164062,-0.1929178237915039,30.0,100.0,60.0,50.0,40.0,18.0,1.600000023841858,2.0,1.7000000476837158,1.399999976158142,1.100000023841858,1.2000000476837158
20260829T013432,8,242,1787938510.5846598,10660090.765655,33582,0,0.9725723266601562,1.221730476,1.221730476,-0.2617993878,-0.3490658504,0.0,0.9744796752929688,1.2586784362792969,1.1011295318603516,-0.22793197631835938,-0.3484783172607422,-0.01163482666015625,-0.0073261260986328125,-0.0024423599243164062,-0.0024423599243164062,-0.0073261260986328125,-0.0073261260986328125,-0.0073261260986328125,-0.026862144470214844,-3.7264957427978516,7.1863250732421875,-1.7167272567749023,-0.05616569519042969,0.1880340576171875,30.0,100.0,60.0,50.0,40.0,18.0,1.600000023841858,2.0,1.7000000476837158,1.399999976158142,1.100000023841858,1.2000000476837158
20260829T013432,9,251,1787938514.6088395,10664114.956672,35594,0,0.9725723266601562,1.221730476,1.221730476,-0.2617993878,0.0,0.3490658504,0.9744796752929688,1.2628746032714844,1.096933364868164,-0.22755050659179688,-0.00247955322265625,0.3435182571411133,-0.0073261260986328125,-0.0024423599243164062,-0.0024423599243164062,-0.0073261260986328125,-0.0073261260986328125,-0.0073261260986328125,-0.026862144470214844,-4.150426864624023,7.446155548095703,-1.7411479949951172,0.07081794738769531,0.08058643341064453,30.0,100.0,60.0,50.0,40.0,18.0,1.600000023841858,2.0,1.7000000476837158,1.399999976158142,1.100000023841858,1.2000000476837158
20260829T013432,10,234,1787938518.625009,10668132.071454499,37602,0,0.9725723266601562,1.221730476,1.221730476,-0.7853981634,0.0,0.3490658504,0.9744796752929688,1.2632560729980469,1.119821548461914,-0.7593269348144531,-0.00247955322265625,0.3435182571411133,-0.0073261260986328125,-0.0024423599243164062,-0.0024423599243164062,-0.0073261260986328125,-0.0073261260986328125,-0.0073261260986328125,-0.026862144470214844,-4.218803405761719,6.0649566650390625,-1.3406591415405273,0.07570171356201172,0.08058643341064453,30.0,100.0,60.0,50.0,40.0,18.0,1.600000023841858,2.0,1.7000000476837158,1.399999976158142,1.100000023841858,1.2000000476837158
20260829T013432,11,232,1787938522.647438,10672153.598406,39613,0,0.9725723266601562,1.221730476,1.221730476,-0.7853981634,-0.3490658504,0.3490658504,0.9744796752929688,1.2567710876464844,1.103799819946289,-0.7597084045410156,-0.3522930145263672,0.3435182571411133,-0.0073261260986328125,-0.0024423599243164062,-0.0024423599243164062,-0.0073261260986328125,-0.0073261260986328125,-0.0073261260986328125,-0.026862144470214844,-3.5350418090820312,7.035896301269531,-1.3211231231689453,0.09523773193359375,0.07570171356201172,30.0,100.0,60.0,50.0,40.0,18.0,1.600000023841858,2.0,1.7000000476837158,1.399999976158142,1.100000023841858,1.2000000476837158
20260829T013432,12,236,1787938526.669982,10676175.681486,41624,0,0.9725723266601562,1.221730476,1.221730476,-0.7853981634,0.3490658504,-0.3490658504,0.9737167358398438,1.2575340270996094,1.102273941040039,-0.7593269348144531,0.3519115447998047,-0.3393220901489258,-0.0073261260986328125,-0.0024423599243164062,-0.0024423599243164062,-0.0073261260986328125,-0.0073261260986328125,-0.0073261260986328125,-0.017093658447265625,-3.617094039916992,7.117950439453125,-1.3308916091918945,-0.14896202087402344,-0.1929178237915039,30.0,100.0,60.0,50.0,40.0,18.0,1.600000023841858,2.0,1.7000000476837158,1.399999976158142,1.100000023841858,1.2000000476837158
20260829T013432,13,229,1787938530.6817124,10680188.865611,43630,0,0.9725723266601562,1.221730476,1.221730476,-0.7853981634,0.0,-0.3490658504,0.9737167358398438,1.2582969665527344,1.1034183502197266,-0.7593269348144531,-0.00095367431640625,-0.3397035598754883,-0.0073261260986328125,-0.0024423599243164062,-0.0024423599243164062,-0.0073261260986328125,-0.0073261260986328125,-0.0073261260986328125,-0.017093658447265625,-3.6991443634033203,7.0632476806640625,-1.3455429077148438,0.0024423599243164062,-0.1929178237915039,30.0,100.0,60.0,50.0,40.0,18.0,1.600000023841858,2.0,1.7000000476837158,1.399999976158142,1.100000023841858,1.2000000476837158
20260829T013432,14,230,1787938534.6940305,10684199.857188,45636,0,0.9725723266601562,1.221730476,1.221730476,-0.7853981634,-0.3490658504,-0.3490658504,0.9737167358398438,1.2567710876464844,1.104562759399414,-0.7597084045410156,-0.3519115447998047,-0.3397035598754883,-0.0073261260986328125,-0.0024423599243164062,-0.0024423599243164062,-0.0073261260986328125,-0.0073261260986328125,-0.0073261260986328125,-0.017093658447265625,-3.5350418090820312,6.994873046875,-1.3211231231689453,0.09035396575927734,-0.1880340576171875,30.0,100.0,60.0,50.0,40.0,18.0,1.600000023841858,2.0,1.7000000476837158,1.399999976158142,1.100000023841858,1.2000000476837158
20260829T013432,15,938,1787938538.7065494,10688212.55728,47642,0,0.9725723266601562,1.221730476,1.221730476,-0.7853981634,0.3490658504,0.3490658504,0.9733352661132812,1.2575340270996094,1.102273941040039,-0.7593269348144531,0.3519115447998047,0.3435182571411133,-0.0073261260986328125,-0.0024423599243164062,-0.0024423599243164062,-0.0073261260986328125,-0.0073261260986328125,-0.0073261260986328125,-0.017093658447265625,-3.617094039916992,7.104274749755859,-1.3308916091918945,-0.14896202087402344,0.08058643341064453,30.0,100.0,60.0,50.0,40.0,18.0,1.600000023841858,2.0,1.7000000476837158,1.399999976158142,1.100000023841858,1.2000000476837158
20260829T013432,16,705,1787938542.7208474,10692226.573864,49649,0,0.9725723266601562,1.919862177,1.919862177,-0.2617993878,0.0,-0.3490658504,0.9763870239257812,2.06435489654541,1.796940803527832,-0.22640609741210938,-0.00095367431640625,-0.3393220901489258,-0.0073261260986328125,-0.0024423599243164062,-0.0024423599243164062,-0.0073261260986328125,-0.0073261260986328125,-0.0073261260986328125,-0.046398162841796875,-12.05470085144043,7.350425720214844,-1.789987564086914,0.0024423599243164062,-0.1929178237915039,30.0,100.0,60.0,50.0,40.0,18.0,1.600000023841858,2.0,1.7000000476837158,1.399999976158142,1.100000023841858,1.2000000476837158
20260829T013432,17,698,1787938546.746686,10696253.094635,51662,0,0.9725723266601562,1.919862177,1.919862177,0.0,-0.3490658504,0.0,0.9763870239257812,2.422560691833496,1.7782478332519531,0.031472206115722656,-0.3442821502685547,-0.01163482666015625,-0.0073261260986328125,-0.0024423599243164062,-0.0024423599243164062,-0.0073261260986328125,-0.0073261260986328125,-0.0073261260986328125,-0.046398162841796875,-12.068376541137695,8.458118438720703,-1.604395866394043,-0.22222232818603516,0.1831502914428711,30.0,100.0,60.0,50.0,40.0,18.0,1.600000023841858,2.0,1.7000000476837158,1.399999976158142,1.100000023841858,1.2000000476837158
20260829T013432,18,720,1787938550.7714033,10700277.384334,53674,0,0.9725723266601562,1.919862177,1.919862177,0.2617993878,0.0,0.3490658504,0.9771499633789062,2.7548255920410156,1.809147834777832,0.2782859802246094,-0.00247955322265625,0.3435182571411133,-0.0073261260986328125,-0.0024423599243164062,-0.0024423599243164062,-0.0073261260986328125,-0.0073261260986328125,-0.0073261260986328125,-0.0610504150390625,-12.068376541137695,6.584613800048828,-0.857142448425293,0.0659341812133789,0.08058643341064453,30.0,100.0,60.0,50.0,40.0,18.0,1.600000023841858,2.0,1.7000000476837158,1.399999976158142,1.100000023841858,1.2000000476837158
20260829T013432,19,712,1787938554.7953966,10704301.27273,55686,0,0.9725723266601562,1.919862177,1.919862177,0.2617993878,0.3490658504,0.0,0.9782943725585938,2.91275691986084,1.828984260559082,0.2740898132324219,0.3400850296020508,0.00514984130859375,-0.0073261260986328125,-0.0024423599243164062,-0.0024423599243164062,-0.0073261260986328125,-0.0073261260986328125,-0.0073261260986328125,-0.07081794738769531,-12.068376541137695,5.422222137451172,-0.6568984985351562,0.3247861862182617,-0.11477375030517578,30.0,100.0,60.0,50.0,40.0,18.0,1.600000023841858,2.0,1.7000000476837158,1.399999976158142,1.100000023841858,1.2000000476837158
20260829T013432,20,709,1787938558.8157604,10708322.863929,57696,0,0.9725723266601562,1.919862177,1.919862177,-0.2617993878,0.3490658504,-0.3490658504,0.9782943725585938,3.050469398498535,1.835850715637207,-0.23594284057617188,0.3404664993286133,-0.3393220901489258,-0.0073261260986328125,-0.0024423599243164062,-0.0024423599243164062,-0.0073261260986328125,-0.0073261260986328125,-0.0073261260986328125,-0.07081794738769531,-12.05470085144043,4.998291015625,-1.3260068893432617,0.3101339340209961,-0.19780254364013672,30.0,100.0,60.0,50.0,40.0,18.0,1.600000023841858,2.0,1.7000000476837158,1.399999976158142,1.100000023841858,1.2000000476837158
20260829T013432,30,239,1787938599.0458927,10748553.2892575,77810,0,0.9725723266601562,1.221730476,1.221730476,0.2617993878,0.0,-0.3490658504,0.9802017211914062,3.0310134887695312,1.2285423278808594,0.24776840209960938,-0.00247955322265625,-0.3561077117919922,-0.0073261260986328125,-0.0024423599243164062,-0.0024423599243164062,-0.0073261260986328125,-0.0073261260986328125,-0.0073261260986328125,-0.09035396575927734,-12.04102611541748,-0.4307689666748047,0.6666669845581055,0.0659341812133789,0.10500621795654297,30.0,100.0,60.0,50.0,40.0,18.0,1.600000023841858,2.0,1.7000000476837158,1.399999976158142,1.100000023841858,1.2000000476837158
20260829T013432,31,285,1787938603.0683522,10752574.796343,79821,0,0.9725723266601562,1.221730476,1.221730476,0.2617993878,-0.3490658504,-0.3490658504,0.9802017211914062,3.0291061401367188,1.2247276306152344,0.24776840209960938,-0.3416109085083008,-0.3557262420654297,-0.0073261260986328125,-0.0024423599243164062,-0.0024423599243164062,-0.0073261260986328125,-0.0073261260986328125,-0.0073261260986328125,-0.09035396575927734,-12.068376541137695,-0.22564125061035156,0.6617822647094727,-0.3296699523925781,0.10012245178222656,30.0,100.0,60.0,50.0,40.0,18.0,1.600000023841858,2.0,1.7000000476837158,1.399999976158142,1.100000023841858,1.2000000476837158
20260829T013432,32,343,1787938607.080537,10756587.9466955,81827,0,0.9725723266601562,1.919862177,1.221730476,0.2617993878,0.0,0.0,0.9798202514648438,3.0317773818969727,1.2220573425292969,0.24738693237304688,-0.00247955322265625,-0.01163482666015625,-0.0073261260986328125,-0.0024423599243164062,-0.0024423599243164062,-0.0073261260986328125,-0.0073261260986328125,-0.0073261260986328125,-0.08547019958496094,-12.068376541137695,-0.047863006591796875,0.6764345169067383,0.0659341812133789,0.1880340576171875,30.0,100.0,60.0,50.0,40.0,18.0,1.600000023841858,2.0,1.7000000476837158,1.399999976158142,1.100000023841858,1.2000000476837158
20260829T013432,33,338,1787938611.0946662,10760602.1369275,83834,0,0.9725723266601562,1.919862177,1.221730476,0.2617993878,-0.3490658504,-0.3490658504,0.9802017211914062,3.032158851623535,1.2209129333496094,0.24776840209960938,-0.3416109085083008,-0.3393220901489258,-0.0073261260986328125,-0.0024423599243164062,-0.0024423599243164062,-0.0073261260986328125,-0.0073261260986328125,-0.0073261260986328125,-0.09035396575927734,-12.05470085144043,0.0068378448486328125,0.6666669845581055,-0.3296699523925781,-0.1929178237915039,30.0,100.0,60.0,50.0,40.0,18.0,1.600000023841858,2.0,1.7000000476837158,1.399999976158142,1.100000023841858,1.2000000476837158
20260829T013432,34,335,1787938615.1072574,10764614.5122395,85840,0,0.9725723266601562,1.919862177,1.221730476,-0.2617993878,-0.3490658504,0.0,0.9802017211914062,3.0363550186157227,1.212519645690918,-0.2550163269042969,-0.3412294387817383,-0.01163482666015625,-0.0073261260986328125,-0.0024423599243164062,-0.0024423599243164062,-0.0073261260986328125,-0.0073261260986328125,-0.0073261260986328125,-0.09035396575927734,-12.068376541137695,0.5264949798583984,-0.3785104751586914,-0.33455467224121094,0.1880340576171875,30.0,100.0,60.0,50.0,40.0,18.0,1.600000023841858,2.0,1.7000000476837158,1.399999976158142,1.100000023841858,1.2000000476837158
20260829T013432,35,341,1787938619.1217797,10768627.650442,87847,0,0.9725723266601562,1.919862177,1.221730476,-0.2617993878,0.0,0.0,0.9802017211914062,3.0439844131469727,1.204890251159668,-0.2546348571777344,-0.00247955322265625,-0.01125335693359375,-0.0073261260986328125,-0.0024423599243164062,-0.0024423599243164062,-0.0073261260986328125,-0.0073261260986328125,-0.0073261260986328125,-0.09035396575927734,-12.04102611541748,0.9641017913818359,-0.3882780075073242,0.0659341812133789,0.1831502914428711,30.0,100.0,60.0,50.0,40.0,18.0,1.600000023841858,2.0,1.7000000476837158,1.399999976158142,1.100000023841858,1.2000000476837158
20260829T013432,36,346,1787938623.1335905,10772640.718485,89853,0,0.9725723266601562,1.919862177,1.221730476,-0.2617993878,0.3490658504,0.0,0.9809646606445312,3.0500879287719727,1.2052717208862305,-0.2550163269042969,0.3381776809692383,-0.01163482666015625,-0.0073261260986328125,-0.0024423599243164062,-0.0024423599243164062,-0.0073261260986328125,-0.0073261260986328125,-0.0073261260986328125,-0.09523773193359375,-12.05470085144043,0.9641017913818359,-0.373626708984375,0.40781402587890625,0.1831502914428711,30.0,100.0,60.0,50.0,40.0,18.0,1.600000023841858,2.0,1.7000000476837158,1.399999976158142,1.100000023841858,1.2000000476837158
20260829T013432,37,356,1787938627.1539829,10776661.0775675,91863,0,0.9725723266601562,1.919862177,1.221730476,0.2617993878,0.3490658504,0.3490658504,0.9809646606445312,3.04970645904541,1.2201499938964844,0.24776840209960938,0.3404664993286133,0.3435182571411133,-0.0073261260986328125,-0.0024423599243164062,-0.0024423599243164062,-0.0073261260986328125,-0.0073261260986328125,-0.0073261260986328125,-0.09523773193359375,-12.068376541137695,0.047863006591796875,0.6520147323608398,0.3150186538696289,0.08058643341064453,30.0,100.0,60.0,50.0,40.0,18.0,1.600000023841858,2.0,1.7000000476837158,1.399999976158142,1.100000023841858,1.2000000476837158
20260829T013432,38,395,1787938631.1783247,10780684.545286,93875,0,0.9725723266601562,1.919862177,1.221730476,-0.2617993878,0.0,1.047197551,0.9802017211914062,3.04970645904541,1.2144269943237305,-0.2550163269042969,0.00247955322265625,1.0393304824829102,-0.0073261260986328125,-0.0024423599243164062,-0.0024423599243164062,-0.0073261260986328125,-0.0073261260986328125,-0.0073261260986328125,-0.09035396575927734,-12.04102611541748,0.41709327697753906,-0.3638582229614258,-0.1196584701538086,0.1196584701538086,30.0,100.0,60.0,50.0,40.0,18.0,1.600000023841858,2.0,1.7000000476837158,1.399999976158142,1.100000023841858,1.2000000476837158
20260829T013432,39,391,1787938635.1989949,10784705.851392,95885,0,0.9725723266601562,1.919862177,1.221730476,-0.2617993878,-0.3490658504,1.047197551,0.9802017211914062,3.05733585357666,1.2052717208862305,-0.2550163269042969,-0.3412294387817383,1.0393304824829102,-0.0073261260986328125,-0.0024423599243164062,-0.0024423599243164062,-0.0073261260986328125,-0.0073261260986328125,-0.0073261260986328125,-0.09035396575927734,-12.04102611541748,0.9504280090332031,-0.373626708984375,-0.34432220458984375,0.1196584701538086,30.0,100.0,60.0,50.0,40.0,18.0,1.600000023841858,2.0,1.7000000476837158,1.399999976158142,1.100000023841858,1.2000000476837158
20260829T013432,40,390,1787938639.2225165,10788728.986921,97897,0,0.9725723266601562,1.919862177,1.221730476,-0.7853981634,-0.3490658504,1.047197551,0.9802017211914062,3.0683984756469727,1.204127311706543,-0.7631416320800781,-0.3416109085083008,1.0393304824829102,-0.0073261260986328125,-0.0024423599243164062,-0.0024423599243164062,-0.0073261260986328125,-0.0073261260986328125,-0.0073261260986328125,-0.09035396575927734,-12.04102611541748,1.0188026428222656,-1.1501827239990234,-0.3296699523925781,0.1196584701538086,30.0,100.0,60.0,50.0,40.0,18.0,1.600000023841858,2.0,1.7000000476837158,1.399999976158142,1.100000023841858,1.2000000476837158
20260829T013432,41,389,1787938643.2332065,10792739.999731999,99902,0,0.9725723266601562,1.919862177,1.221730476,-0.7853981634,0.0,1.047197551,0.9802017211914062,3.077935218811035,1.1938276290893555,-0.7623786926269531,-0.00247955322265625,1.0393304824829102,-0.0073261260986328125,-0.0024423599243164062,-0.0024423599243164062,-0.0073261260986328125,-0.0073261260986328125,-0.0073261260986328125,-0.09035396575927734,-12.068376541137695,1.6341876983642578,-1.1794872283935547,0.0659341812133789,0.11477375030517578,30.0,100.0,60.0,50.0,40.0,18.0,1.600000023841858,2.0,1.7000000476837158,1.399999976158142,1.100000023841858,1.2000000476837158
20260829T013432,42,926,1787938647.2571611,10796763.269597,101914,0,0.9725723266601562,1.919862177,1.221730476,-0.7853981634,0.3490658504,1.047197551,0.9809646606445312,3.085564613342285,1.195734977722168,-0.7631416320800781,0.3404664993286133,1.0393304824829102,-0.0073261260986328125,-0.0024423599243164062,-0.0024423599243164062,-0.0073261260986328125,-0.0073261260986328125,-0.0073261260986328125,-0.09523773193359375,-12.05470085144043,1.5247859954833984,-1.1501827239990234,0.3199024200439453,0.1196584701538086,30.0,100.0,60.0,50.0,40.0,18.0,1.600000023841858,2.0,1.7000000476837158,1.399999976158142,1.100000023841858,1.2000000476837158
20260829T013432,43,396,1787938651.279959,10800786.794567,103925,0,0.9725723266601562,1.919862177,1.221730476,-0.2617993878,0.3490658504,1.047197551,0.9809646606445312,3.08937931060791,1.2129011154174805,-0.2573051452636719,0.3381776809692383,1.0393304824829102,-0.0073261260986328125,-0.0024423599243164062,-0.0024423599243164062,-0.0073261260986328125,-0.0073261260986328125,-0.0073261260986328125,-0.10012245178222656,-12.05470085144043,0.47179412841796875,-0.25152587890625,0.40781402587890625,0.11477375030517578,30.0,100.0,60.0,50.0,40.0,18.0,1.600000023841858,2.0,1.7000000476837158,1.399999976158142,1.100000023841858,1.2000000476837158
20260829T013432,44,399,1787938655.295559,10804801.972295,105933,0,0.9725723266601562,1.919862177,1.221730476,0.2617993878,0.0,1.047197551,0.9802017211914062,3.0432214736938477,1.2220573425292969,0.24814987182617188,-0.00057220458984375,1.0393304824829102,-0.0073261260986328125,-0.0024423599243164062,-0.0024423599243164062,-0.0073261260986328125,-0.0073261260986328125,-0.0073261260986328125,-0.08547019958496094,-12.04102611541748,-0.0615386962890625,0.6520147323608398,-0.012209892272949219,0.1196584701538086,30.0,100.0,60.0,50.0,40.0,18.0,1.600000023841858,2.0,1.7000000476837158,1.399999976158142,1.100000023841858,1.2000000476837158
20260829T013432,45,393,1787938659.3181508,10808823.970994,107944,0,0.9725723266601562,1.919862177,1.221730476,0.2617993878,-0.3490658504,1.047197551,0.9802017211914062,3.04207706451416,1.2220573425292969,0.24738693237304688,-0.3416109085083008,1.0393304824829102,-0.0073261260986328125,-0.0024423599243164062,-0.0024423599243164062,-0.0073261260986328125,-0.0073261260986328125,-0.0073261260986328125,-0.09035396575927734,-12.05470085144043,-0.0615386962890625,0.6764345169067383,-0.33455467224121094,0.11477375030517578,30.0,100.0,60.0,50.0,40.0,18.0,1.600000023841858,2.0,1.7000000476837158,1.399999976158142,1.100000023841858,1.2000000476837158
20260829T013432,46,756,1787938663.3399081,10812846.717673,109955,0,0.9725723266601562,1.919862177,1.919862177,0.0,-0.3490658504,1.047197551,0.9802017211914062,3.0615320205688477,1.841954231262207,0.01773834228515625,-0.3412294387817383,1.0397119522094727,-0.0073261260986328125,-0.0024423599243164062,-0.0024423599243164062,-0.0073261260986328125,-0.0073261260986328125,-0.0073261260986328125,-0.09035396575927734,-12.04102611541748,4.629058837890625,-0.9206352233886719,-0.33455467224121094,0.11477375030517578,30.0,100.0,60.0,50.0,40.0,18.0,1.600000023841858,2.0,1.7000000476837158,1.399999976158142,1.100000023841858,1.2000000476837158
20260829T013432,47,758,1787938667.3630626,10816868.54333,111966,0,0.9725723266601562,1.919862177,1.919862177,0.0,0.0,1.047197551,0.9809646606445312,3.0962467193603516,1.8450069427490234,0.01544952392578125,-0.00247955322265625,1.0393304824829102,-0.0073261260986328125,-0.0024423599243164062,-0.0024423599243164062,-0.0073261260986328125,-0.0073261260986328125,-0.0073261260986328125,-0.09523773193359375,-12.04102611541748,4.464958190917969,-0.8131866455078125,0.07081794738769531,0.11477375030517578,30.0,100.0,60.0,50.0,40.0,18.0,1.600000023841858,2.0,1.7000000476837158,1.399999976158142,1.100000023841858,1.2000000476837158
20260829T013432,58,532,1787938713.2380066,10862743.661206,134902,0,0.9725723266601562,1.221730476,1.919862177,-0.7853981634,0.0,0.0,0.9840164184570312,2.96768856048584,1.8224992752075195,-0.7505531311035156,-0.00209808349609375,0.00514984130859375,-0.0073261260986328125,-0.0024423599243164062,-0.0024423599243164062,-0.0073261260986328125,-0.0073261260986328125,-0.0073261260986328125,-0.1294260025024414,-12.068376541137695,5.791454315185547,-1.770451545715332,0.0610504150390625,-0.11477375030517578,30.0,100.0,60.0,50.0,40.0,18.0,1.600000023841858,2.0,1.7000000476837158,1.399999976158142,1.100000023841858,1.2000000476837158
20260829T013432,59,534,1787938717.2536373,10866760.026573,136910,0,0.9725723266601562,1.221730476,1.919862177,-0.7853981634,0.3490658504,0.0,0.9847793579101562,3.095102310180664,1.8232622146606445,-0.7513160705566406,0.3412294387817383,0.00514984130859375,-0.0073261260986328125,-0.0024423599243164062,-0.0024423599243164062,-0.0073261260986328125,-0.0073261260986328125,-0.0073261260986328125,-0.13919448852539062,-12.068376541137695,5.777778625488281,-1.7362632751464844,0.28571414947509766,-0.10988998413085938,30.0,100.0,60.0,50.0,40.0,18.0,1.600000023841858,2.0,1.7000000476837158,1.399999976158142,1.100000023841858,1.2000000476837158
20260829T013432,76,375,1787938785.6263344,10935132.60331,171094,0,0.9725723266601562,1.919862177,1.221730476,0.2617993878,0.3490658504,-1.047197551,0.9855422973632812,3.0287246704101562,1.2285423278808594,0.24776840209960938,0.3404664993286133,-1.0458154678344727,-0.0073261260986328125,-0.0024423599243164062,-0.0024423599243164062,-0.0073261260986328125,-0.0073261260986328125,-0.0073261260986328125,-0.14896202087402344,-12.05470085144043,-0.4444446563720703,0.6617822647094727,0.3150186538696289,-0.046398162841796875,30.0,100.0,60.0,50.0,40.0,18.0,1.600000023841858,2.0,1.7000000476837158,1.399999976158142,1.100000023841858,1.2000000476837158
20260829T013432,77,999,1787938789.6414297,10939146.455917,173101,0,0.9725723266601562,2.617993878,1.221730476,0.2617993878,0.3490658504,-1.047197551,0.9855422973632812,3.061150550842285,1.2239646911621094,0.24700546264648438,0.3404664993286133,-1.0458154678344727,-0.0073261260986328125,-0.0024423599243164062,-0.0024423599243164062,-0.0073261260986328125,-0.0073261260986328125,-0.0073261260986328125,-0.14896202087402344,-12.04102611541748,-0.17094039916992188,0.6910867691040039,0.3199024200439453,-0.046398162841796875,30.0,100.0,60.0,50.0,40.0,18.0,1.600000023841858,2.0,1.7000000476837158,1.399999976158142,1.100000023841858,1.2000000476837158
20260829T013432,78,992,1787938793.655256,10943162.092776999,175108,0,0.9725723266601562,2.617993878,1.221730476,-0.2617993878,0.0,-1.047197551,0.9855422973632812,3.07412052154541,1.2190055847167969,-0.2573051452636719,0.00247955322265625,-1.0458154678344727,-0.0073261260986328125,-0.0024423599243164062,-0.0024423599243164062,-0.0073261260986328125,-0.0073261260986328125,-0.0073261260986328125,-0.14896202087402344,-12.04102611541748,0.11623954772949219,-0.2612943649291992,-0.124542236328125,-0.046398162841796875,30.0,100.0,60.0,50.0,40.0,18.0,1.600000023841858,2.0,1.7000000476837158,1.399999976158142,1.100000023841858,1.2000000476837158
20260829T013432,84,963,1787938817.7882347,10967295.6705045,187174,0,0.9725723266601562,2.617993878,1.221730476,0.2617993878,0.0,-0.3490658504,0.9863052368164062,3.0161361694335938,1.2266349792480469,0.24776840209960938,-0.00057220458984375,-0.3557262420654297,-0.0073261260986328125,-0.0024423599243164062,-0.0024423599243164062,-0.0073261260986328125,-0.0073261260986328125,-0.0073261260986328125,-0.15384578704833984,-12.04102611541748,-0.3213672637939453,0.6568984985351562,-0.0073261260986328125,0.10012245178222656,30.0,100.0,60.0,50.0,40.0,18.0,1.600000023841858,2.0,1.7000000476837158,1.399999976158142,1.100000023841858,1.2000000476837158
20260829T013432,85,967,1787938821.8103027,10971316.71989,189185,0,0.9725723266601562,2.617993878,1.221730476,0.0,-0.3490658504,0.0,0.9855422973632812,3.04970645904541,1.2201499938964844,-0.00324249267578125,-0.3412294387817383,-0.01163482666015625,-0.0073261260986328125,-0.0024423599243164062,-0.0024423599243164062,-0.0073261260986328125,-0.0073261260986328125,-0.0073261260986328125,-0.14896202087402344,-12.05470085144043,0.0615386962890625,0.124542236328125,-0.33943843841552734,0.1880340576171875,30.0,100.0,60.0,50.0,40.0,18.0,1.600000023841858,2.0,1.7000000476837158,1.399999976158142,1.100000023841858,1.2000000476837158
20260829T013432,86,975,1787938825.834857,10975341.362868,191197,0,0.9725723266601562,2.617993878,1.221730476,-0.2617993878,0.0,0.3490658504,0.9855422973632812,3.082512855529785,1.216334342956543,-0.2573051452636719,-0.00247955322265625,0.3435182571411133,-0.0073261260986328125,-0.0024423599243164062,-0.0024423599243164062,-0.0073261260986328125,-0.0073261260986328125,-0.0073261260986328125,-0.14896202087402344,-12.068376541137695,0.2940177917480469,-0.2466421127319336,0.0659341812133789,0.08058643341064453,30.0,100.0,60.0,50.0,40.0,18.0,1.600000023841858,2.0,1.7000000476837158,1.399999976158142,1.100000023841858,1.2000000476837158
20260829T013432,102,905,1787938893.3534617,11042859.331464,224954,0,0.9725723266601562,2.617993878,1.919862177,-0.7853981634,0.3490658504,0.0,0.9855422973632812,2.96616268157959,1.822880744934082,-0.7509346008300781,0.3442821502685547,-0.01163482666015625,-0.0073261260986328125,-0.0024423599243164062,-0.0024423599243164062,-0.0073261260986328125,-0.0073261260986328125,-0.0073261260986328125,-0.14896202087402344,-12.04102611541748,5.791454315185547,-1.75091552734375,0.15873050689697266,0.1831502914428711,30.0,100.0,60.0,50.0,40.0,18.0,1.600000023841858,2.0,1.7000000476837158,1.399999976158142,1.100000023841858,1.2000000476837158
